{
  "pack_name": "{pack.hololive.name}",
  "author": ["pajinyi"],
  "description": ["{pack.hololive.desc}"],
  "version": "0.5.4",
  "date": "2020-03-08",
  "icon": "hololive:textures/icon.png",
  "model_list": [
    {
      "model_id": "hololive:shinaikong",
      "description": ["{model.shinaikong.desc}"],
      "animation": ["hololive:animation/hololive.default.js"]
    }, {
      "model_id": "hololive:yourena",
      "description": ["{model.yourena.desc}"],
      "animation": ["hololive:animation/hololive.default.js"]
    }, {
      "model_id": "hololive:luobozi",
      "description": ["{model.luobozi.desc}"],
      "animation": ["hololive:animation/hololive.default.js"]
    }, {
      "model_id": "hololive:yingwunv",
      "description": ["{model.yingwunv.desc}"],
      "animation": ["hololive:animation/hololive.default.js"]
    }, {
      "model_id": "hololive:xingjiehuixing",
      "description": ["{model.xingjiehuixing.desc}"],
      "animation": ["hololive:animation/hololive.default.js"]
    }, {
      "model_id": "hololive:dashenling",
      "description": ["{model.dashenling.desc}"],
      "animation": ["hololive:animation/hololive.default.js"]
    }, {
      "model_id": "hololive:baishangchuixue",
      "description": ["{model.baishangchuixue.desc}"],
      "animation": ["hololive:animation/hololive.default.js"]
    }, {
      "model_id": "hololive:maoyouxiaozhou",
      "description": ["{model.maoyouxiaozhou.desc}"],
      "animation": ["hololive:animation/hololive.default.js"]
    }, {
      "model_id": "hololive:xushenqinyin",
      "description": ["{model.xushenqinyin.desc}"],
      "animation": ["hololive:animation/hololive.default.js"]
    }, {
      "model_id": "hololive:xiaseji",
      "description": ["{model.xiaseji.desc}"],
      "animation": ["hololive:animation/hololive.default.js"]
    }, {
      "model_id": "hololive:yekongmeilu",
      "description": ["{model.yekongmeilu.desc}"],
      "animation": ["hololive:animation/hololive.default.js"]
    }, {
      "model_id": "hololive:chijingxin",
      "description": ["{model.chijingxin.desc}"],
      "animation": ["hololive:animation/hololive.default.js"]
    }, {
      "model_id": "hololive:yaqi_luosentaer",
      "description": ["{model.yaqi_luosentaer.desc}"],
      "animation": ["hololive:animation/hololive.default.js"]
    }, {
      "model_id": "hololive:cou_akuya",
      "description": ["{model.cou_akuya.desc}"],
      "animation": ["hololive:animation/hololive.default.js"]
    }, {
      "model_id": "hololive:zixiaoshiyin",
      "description": ["{model.zixiaoshiyin.desc}"],
      "animation": ["hololive:animation/hololive.default.js"]
    }
  ]
}