{
	"format_version": "1.10.0",
	"geometry.model": {
		"texturewidth": 128,
		"textureheight": 128,
		"visible_bounds_width": 3,
		"visible_bounds_height": 4,
		"visible_bounds_offset": [0, 1, 0],
		"bones": [
			{
				"name": "head",
				"pivot": [0, 16.75, 0],
				"cubes": [
					{"origin": [-4, 16.7, -4], "size": [8, 8, 8], "uv": [32, 0]},
					{"origin": [-4.25, 16.45, -4.25], "size": [8.5, 8.5, 8.5], "uv": [0, 0]},
					{"origin": [-4.25, 7.95, -4.25], "size": [8.5, 8.5, 8.5], "uv": [67, 1]}
				]
			},
			{
				"name": "blink",
				"parent": "head",
				"pivot": [0, 18, 0],
				"cubes": [
					{"origin": [-4, 16.7, -4.001], "size": [8, 8, 0], "uv": [24, 30]}
				]
			},
			{
				"name": "bone",
				"parent": "head",
				"pivot": [1.25, 26.4, 2],
				"rotation": [-3.0256, 0.83648, 3.65935],
				"cubes": [
					{"origin": [-2.75, 24.9, -2], "size": [7, 3.5, 7], "uv": [32, 69]},
					{"origin": [-3.75, 24.9, -3], "size": [9, 0, 9], "uv": [66, 69], "inflate": 0.01}
				]
			},
			{
				"name": "hair",
				"parent": "head",
				"pivot": [0, 16.75, 0]
			},
			{
				"name": "bone6",
				"parent": "hair",
				"pivot": [0, 18, 0]
			},
			{
				"name": "bone5",
				"parent": "bone6",
				"pivot": [-5.5, 24, 1.5],
				"rotation": [-18.2489, 17.38772, 42.18626]
			},
			{
				"name": "bone2",
				"parent": "bone6",
				"pivot": [1.3, 19, -1],
				"rotation": [-12.60443, -7.32123, 1.63219],
				"cubes": [
					{"origin": [-4.7, 22.9, -4], "size": [0, 1, 1], "uv": [13, 72]},
					{"origin": [-4.8, 22.1, -3.1], "size": [0, 1, 1], "uv": [13, 72]},
					{"origin": [-4.8, 22.1, -4.9], "size": [0, 1, 1], "uv": [13, 72]},
					{"origin": [-4.8, 23.05, -3.1], "size": [0, 1.25, 1.35], "uv": [0, 69]},
					{"origin": [-4.8, 23.05, -5.3], "size": [0, 1.25, 1.35], "uv": [0, 69]}
				]
			},
			{
				"name": "bone3",
				"parent": "bone6",
				"pivot": [1.5, 18, 3],
				"rotation": [2.5, 0, 0],
				"cubes": [
					{"origin": [-4.5, 21.9, 0], "size": [0, 1, 1], "uv": [6, 79]},
					{"origin": [-4.6, 21.1, 0.9], "size": [0, 1, 1], "uv": [6, 79]},
					{"origin": [-4.6, 21.1, -0.9], "size": [0, 1, 1], "uv": [6, 79]},
					{"origin": [-4.6, 22.05, 0.9], "size": [0, 1.25, 1.35], "uv": [0, 76]},
					{"origin": [-4.6, 22.05, -1.3], "size": [0, 1.25, 1.35], "uv": [0, 76]}
				]
			},
			{
				"name": "bone4",
				"parent": "bone6",
				"pivot": [-2.48, 23.19, -4.61],
				"rotation": [0, -90, -10],
				"cubes": [
					{"origin": [-2.4, 22.9, -5.1], "size": [0, 1, 1], "uv": [13, 72]},
					{"origin": [-2.5, 22.1, -4.2], "size": [0, 1, 1], "uv": [13, 72]},
					{"origin": [-2.5, 22.1, -6], "size": [0, 1, 1], "uv": [13, 72]},
					{"origin": [-2.5, 23.05, -4.2], "size": [0, 1.25, 1.35], "uv": [0, 69]},
					{"origin": [-2.5, 23.05, -6.4], "size": [0, 1.25, 1.35], "uv": [0, 69]}
				]
			},
			{
				"name": "bone7",
				"parent": "bone6",
				"pivot": [-3.58, 21.19, -4.41],
				"rotation": [0, -80, 12.5],
				"cubes": [
					{"origin": [-3.5, 20.9, -4.9], "size": [0, 1, 1], "uv": [6, 79]},
					{"origin": [-3.6, 20.1, -4], "size": [0, 1, 1], "uv": [6, 79]},
					{"origin": [-3.6, 20.1, -5.8], "size": [0, 1, 1], "uv": [6, 79]},
					{"origin": [-3.6, 21.05, -4], "size": [0, 1.25, 1.35], "uv": [0, 76]},
					{"origin": [-3.6, 21.05, -6.2], "size": [0, 1.25, 1.35], "uv": [0, 76]}
				]
			},
			{
				"name": "bone8",
				"parent": "bone6",
				"pivot": [-1.88, 24.19, -4.41],
				"rotation": [-160, -87.5, 167.5],
				"cubes": [
					{"origin": [-1.8, 23.9, -4.9], "size": [0, 1, 1], "uv": [6, 79]},
					{"origin": [-1.9, 23.1, -4], "size": [0, 1, 1], "uv": [6, 79]},
					{"origin": [-1.9, 23.1, -5.8], "size": [0, 1, 1], "uv": [6, 79]},
					{"origin": [-1.9, 24.05, -4], "size": [0, 1.25, 1.35], "uv": [0, 76]},
					{"origin": [-1.9, 24.05, -6.2], "size": [0, 1.25, 1.35], "uv": [0, 76]}
				]
			},
			{
				"name": "bone9",
				"parent": "bone6",
				"pivot": [3.02, 23.49, -4.61],
				"rotation": [0, -90, 7.5],
				"cubes": [
					{"origin": [3.1, 23.2, -5.1], "size": [0, 1, 1], "uv": [13, 72]},
					{"origin": [3, 22.4, -4.2], "size": [0, 1, 1], "uv": [13, 72]},
					{"origin": [3, 22.4, -6], "size": [0, 1, 1], "uv": [13, 72]},
					{"origin": [3, 23.35, -4.2], "size": [0, 1.25, 1.35], "uv": [0, 69]},
					{"origin": [3, 23.35, -6.4], "size": [0, 1.25, 1.35], "uv": [0, 69]}
				]
			},
			{
				"name": "bone10",
				"parent": "bone6",
				"pivot": [4.92, 21.39, -3.56],
				"rotation": [-172.0107, -42.04448, 176.57415],
				"cubes": [
					{"origin": [5, 21.1, -4.05], "size": [0, 1, 1], "uv": [6, 79]},
					{"origin": [4.9, 20.3, -3.15], "size": [0, 1, 1], "uv": [6, 79]},
					{"origin": [4.9, 20.3, -4.95], "size": [0, 1, 1], "uv": [6, 79]},
					{"origin": [4.9, 21.25, -3.15], "size": [0, 1.25, 1.35], "uv": [0, 76]},
					{"origin": [4.9, 21.25, -5.35], "size": [0, 1.25, 1.35], "uv": [0, 76]}
				]
			},
			{
				"name": "bone11",
				"parent": "bone6",
				"pivot": [1.5, 15.5, -0.25],
				"rotation": [-7.5, 0, 0],
				"cubes": [
					{"origin": [-4.5, 19.4, -3.25], "size": [0, 1, 1], "uv": [6, 79]},
					{"origin": [-4.6, 18.6, -2.35], "size": [0, 1, 1], "uv": [6, 79]},
					{"origin": [-4.6, 18.6, -4.15], "size": [0, 1, 1], "uv": [6, 79]},
					{"origin": [-4.6, 19.55, -2.35], "size": [0, 1.25, 1.35], "uv": [0, 76]},
					{"origin": [-4.6, 19.55, -4.55], "size": [0, 1.25, 1.35], "uv": [0, 76]}
				]
			},
			{
				"name": "armRight",
				"pivot": [-3, 15.5, 0],
				"rotation": [0, 0, 25],
				"cubes": [
					{"origin": [-5.29584, 7.78442, -1], "size": [2, 7.35, 2], "uv": [16, 40]},
					{"origin": [-5.54584, 8.28442, -1.25], "size": [2.5, 3.35, 2.5], "uv": [20, 50]}
				]
			},
			{
				"name": "armLeft",
				"pivot": [3, 15.5, 0],
				"rotation": [0, 0, -25],
				"cubes": [
					{"origin": [3.04464, 8.28442, -1.25], "size": [2.5, 3.35, 2.5], "uv": [12, 50]},
					{"origin": [3.29584, 7.78442, -1], "size": [2, 7.35, 2], "uv": [8, 40]}
				]
			},
			{
				"name": "body",
				"pivot": [0, 10.5, 0],
				"cubes": [
					{"origin": [-3, 8.199, -3], "size": [6, 8.5, 6], "uv": [0, 16]},
					{"origin": [-3.25, 9.949, -3.25], "size": [6.5, 3, 6.5], "uv": [0, 30]},
					{"origin": [-3.5, 6.199, -3.5], "size": [7, 4, 7], "uv": [24, 16]}
				]
			},
			{
				"name": "bone13",
				"parent": "body",
				"pivot": [0, 10.5, 0]
			},
			{
				"name": "bone14",
				"parent": "bone13",
				"pivot": [1.27, 15.49, -3.36],
				"rotation": [0, -90, -5],
				"cubes": [
					{"origin": [1.35, 15.2, -3.85], "size": [0, 1, 1], "uv": [13, 72]},
					{"origin": [1.25, 14.4, -2.95], "size": [0, 1, 1], "uv": [13, 72]},
					{"origin": [1.25, 14.4, -4.75], "size": [0, 1, 1], "uv": [13, 72]},
					{"origin": [1.25, 15.35, -2.95], "size": [0, 1.25, 1.35], "uv": [0, 69]},
					{"origin": [1.25, 15.35, -5.15], "size": [0, 1.25, 1.35], "uv": [0, 69]}
				]
			},
			{
				"name": "bone15",
				"parent": "bone13",
				"pivot": [1.27, 15.49, -3.36],
				"rotation": [0, -90, -5],
				"cubes": [
					{"origin": [1.35, 15.2, -3.85], "size": [0, 1, 1], "uv": [13, 72]},
					{"origin": [1.25, 14.4, -2.95], "size": [0, 1, 1], "uv": [13, 72]},
					{"origin": [1.25, 14.4, -4.75], "size": [0, 1, 1], "uv": [13, 72]},
					{"origin": [1.25, 15.35, -2.95], "size": [0, 1.25, 1.35], "uv": [0, 69]},
					{"origin": [1.25, 15.35, -5.15], "size": [0, 1.25, 1.35], "uv": [0, 69]}
				]
			},
			{
				"name": "bone16",
				"parent": "bone13",
				"pivot": [3.52, 15.49, -1.86],
				"rotation": [153.12435, -13.05178, 172.63237],
				"cubes": [
					{"origin": [3.6, 15.2, -2.35], "size": [0, 1, 1], "uv": [13, 72]},
					{"origin": [3.5, 14.4, -1.45], "size": [0, 1, 1], "uv": [13, 72]},
					{"origin": [3.5, 14.4, -3.25], "size": [0, 1, 1], "uv": [13, 72]},
					{"origin": [3.5, 15.35, -1.45], "size": [0, 1.25, 1.35], "uv": [0, 69]},
					{"origin": [3.5, 15.35, -3.65], "size": [0, 1.25, 1.35], "uv": [0, 69]}
				]
			},
			{
				"name": "bone17",
				"parent": "bone13",
				"pivot": [-1.98, 13.49, -3.86],
				"rotation": [-89.99998, -85, 102.49998],
				"cubes": [
					{"origin": [-1.9, 13.2, -4.35], "size": [0, 1, 1], "uv": [13, 72]},
					{"origin": [-2, 12.4, -3.45], "size": [0, 1, 1], "uv": [13, 72]},
					{"origin": [-2, 12.4, -5.25], "size": [0, 1, 1], "uv": [13, 72]},
					{"origin": [-2, 13.35, -3.45], "size": [0, 1.25, 1.35], "uv": [0, 69]},
					{"origin": [-2, 13.35, -5.65], "size": [0, 1.25, 1.35], "uv": [0, 69]}
				]
			},
			{
				"name": "bone18",
				"parent": "bone13",
				"pivot": [-1.73, 15.24, 3.14],
				"rotation": [0, 90, 10.00002],
				"cubes": [
					{"origin": [-1.65, 14.95, 2.65], "size": [0, 1, 1], "uv": [13, 72]},
					{"origin": [-1.75, 14.15, 3.55], "size": [0, 1, 1], "uv": [13, 72]},
					{"origin": [-1.75, 14.15, 1.75], "size": [0, 1, 1], "uv": [13, 72]},
					{"origin": [-1.75, 15.1, 3.55], "size": [0, 1.25, 1.35], "uv": [0, 69]},
					{"origin": [-1.75, 15.1, 1.35], "size": [0, 1.25, 1.35], "uv": [0, 69]}
				]
			},
			{
				"name": "bone19",
				"parent": "bone13",
				"pivot": [1.77, 13.49, 3.24],
				"rotation": [90, 82.5, 85.00002],
				"cubes": [
					{"origin": [1.85, 13.2, 2.75], "size": [0, 1, 1], "uv": [13, 72]},
					{"origin": [1.75, 12.4, 3.65], "size": [0, 1, 1], "uv": [13, 72]},
					{"origin": [1.75, 12.4, 1.85], "size": [0, 1, 1], "uv": [13, 72]},
					{"origin": [1.75, 13.35, 3.65], "size": [0, 1.25, 1.35], "uv": [0, 69]},
					{"origin": [1.75, 13.35, 1.45], "size": [0, 1.25, 1.35], "uv": [0, 69]}
				]
			},
			{
				"name": "bone20",
				"parent": "bone13",
				"pivot": [-1.88, 15.19, -3.41],
				"rotation": [-172.5, -87.5, 167.5],
				"cubes": [
					{"origin": [-1.8, 14.9, -3.9], "size": [0, 1, 1], "uv": [6, 79]},
					{"origin": [-1.9, 14.1, -3], "size": [0, 1, 1], "uv": [6, 79]},
					{"origin": [-1.9, 14.1, -4.8], "size": [0, 1, 1], "uv": [6, 79]},
					{"origin": [-1.9, 15.05, -3], "size": [0, 1.25, 1.35], "uv": [0, 76]},
					{"origin": [-1.9, 15.05, -5.2], "size": [0, 1.25, 1.35], "uv": [0, 76]}
				]
			},
			{
				"name": "bone21",
				"parent": "bone13",
				"pivot": [0.62, 13.44, -3.41],
				"rotation": [-175, -87.5, 167.5],
				"cubes": [
					{"origin": [0.7, 13.15, -3.9], "size": [0, 1, 1], "uv": [6, 79]},
					{"origin": [0.6, 12.35, -3], "size": [0, 1, 1], "uv": [6, 79]},
					{"origin": [0.6, 12.35, -4.8], "size": [0, 1, 1], "uv": [6, 79]},
					{"origin": [0.6, 13.3, -3], "size": [0, 1.25, 1.35], "uv": [0, 76]},
					{"origin": [0.6, 13.3, -5.2], "size": [0, 1.25, 1.35], "uv": [0, 76]}
				]
			},
			{
				"name": "bone22",
				"parent": "bone13",
				"pivot": [-1.13, 11.94, -3.66],
				"rotation": [-162.5, -87.5, 167.5],
				"cubes": [
					{"origin": [-1.05, 11.65, -4.15], "size": [0, 1, 1], "uv": [6, 79]},
					{"origin": [-1.15, 10.85, -3.25], "size": [0, 1, 1], "uv": [6, 79]},
					{"origin": [-1.15, 10.85, -5.05], "size": [0, 1, 1], "uv": [6, 79]},
					{"origin": [-1.15, 11.8, -3.25], "size": [0, 1.25, 1.35], "uv": [0, 76]},
					{"origin": [-1.15, 11.8, -5.45], "size": [0, 1.25, 1.35], "uv": [0, 76]}
				]
			},
			{
				"name": "bone23",
				"parent": "bone13",
				"pivot": [-3.38, 15.69, -1.41],
				"rotation": [-10.03742, -4.92385, 0.87038],
				"cubes": [
					{"origin": [-3.3, 15.4, -1.9], "size": [0, 1, 1], "uv": [6, 79]},
					{"origin": [-3.4, 14.6, -1], "size": [0, 1, 1], "uv": [6, 79]},
					{"origin": [-3.4, 14.6, -2.8], "size": [0, 1, 1], "uv": [6, 79]},
					{"origin": [-3.4, 15.55, -1], "size": [0, 1.25, 1.35], "uv": [0, 76]},
					{"origin": [-3.4, 15.55, -3.2], "size": [0, 1.25, 1.35], "uv": [0, 76]}
				]
			},
			{
				"name": "bone24",
				"parent": "bone13",
				"pivot": [1.52, 15.59, 3.09],
				"rotation": [-88.31404, 87.49273, -90.48829],
				"cubes": [
					{"origin": [1.6, 15.3, 2.6], "size": [0, 1, 1], "uv": [6, 79]},
					{"origin": [1.5, 14.5, 3.5], "size": [0, 1, 1], "uv": [6, 79]},
					{"origin": [1.5, 14.5, 1.7], "size": [0, 1, 1], "uv": [6, 79]},
					{"origin": [1.5, 15.45, 3.5], "size": [0, 1.25, 1.35], "uv": [0, 76]},
					{"origin": [1.5, 15.45, 1.3], "size": [0, 1.25, 1.35], "uv": [0, 76]}
				]
			},
			{
				"name": "bone25",
				"parent": "bone13",
				"pivot": [1.52, 14.34, 2.34],
				"rotation": [90.81862, 87.50676, 91.14281],
				"cubes": [
					{"origin": [0.6, 12.05, -1.15], "size": [0, 1, 1], "uv": [6, 79]},
					{"origin": [0.5, 11.25, -0.25], "size": [0, 1, 1], "uv": [6, 79]},
					{"origin": [0.5, 11.25, -2.05], "size": [0, 1, 1], "uv": [6, 79]},
					{"origin": [0.5, 12.2, -0.25], "size": [0, 1.25, 1.35], "uv": [0, 76]},
					{"origin": [0.5, 12.2, -2.45], "size": [0, 1.25, 1.35], "uv": [0, 76]}
				]
			},
			{
				"name": "legLeft",
				"pivot": [1.5, 8.5, 0],
				"cubes": [
					{"origin": [0.249, 0, -1.5], "size": [2.5, 8.5, 2.5], "uv": [0, 40]},
					{"origin": [0.001, 7.25, -1.75], "size": [3, 1, 3], "uv": [24, 40]}
				]
			},
			{
				"name": "bone12",
				"parent": "legLeft",
				"pivot": [-0.48, 23.24, -4.61],
				"rotation": [0, -90, 0],
				"cubes": [
					{"origin": [2.6, 0.95, -7.1], "size": [0, 1, 1], "uv": [13, 72]},
					{"origin": [2.5, 0.15, -6.2], "size": [0, 1, 1], "uv": [13, 72]},
					{"origin": [2.5, 0.15, -8], "size": [0, 1, 1], "uv": [13, 72]},
					{"origin": [2.5, 1.1, -6.2], "size": [0, 1.25, 1.35], "uv": [0, 69]},
					{"origin": [2.5, 1.1, -8.4], "size": [0, 1.25, 1.35], "uv": [0, 69]}
				]
			},
			{
				"name": "legRight",
				"pivot": [-1.5, 8.5, 0],
				"cubes": [
					{"origin": [-2.749, 0, -1.5], "size": [2.5, 8.5, 2.5], "uv": [40, 30]},
					{"origin": [-2.999, 7.25, -1.75], "size": [3, 1, 3], "uv": [0, 50]}
				]
			}
		]
	}
}