{
	"format_version": "1.10.0",
	"geometry.model": {
		"texturewidth": 64,
		"textureheight": 64,
		"visible_bounds_width": 3,
		"visible_bounds_height": 4,
		"visible_bounds_offset": [0, 1, 0],
		"bones": [
			{
				"name": "head",
				"pivot": [0, 16.7, 0],
				"cubes": [
					{"origin": [-4, 16.7, -4], "size": [8, 8, 8], "uv": [0, 16]},
					{"origin": [-4.25, 16.45, -4.25], "size": [8.5, 8.5, 8.5], "uv": [0, 0]}
				]
			},
			{
				"name": "bone5",
				"parent": "head",
				"pivot": [0, 19.2, 7],
				"rotation": [20, 0, 0],
				"cubes": [
					{"origin": [-1.5, 15.73015, 5.82899], "size": [3, 9, 3], "uv": [29, 29]}
				]
			},
			{
				"name": "bone12",
				"parent": "head",
				"pivot": [0, 17.5, -1.75],
				"cubes": [
					{"origin": [-2.5, 21.23015, 4.07899], "size": [1, 3, 1], "uv": [0, 16]},
					{"origin": [-1.5, 24.23015, 4.07899], "size": [3, 1, 1], "uv": [0, 6]},
					{"origin": [-1.5, 20.23015, 4.07899], "size": [3, 1, 1], "uv": [0, 6]},
					{"origin": [1.5, 21.23015, 4.07899], "size": [1, 3, 1], "uv": [0, 16]}
				]
			},
			{
				"name": "ahoge",
				"parent": "head",
				"pivot": [0, 26, 0]
			},
			{
				"name": "blink",
				"parent": "head",
				"pivot": [0, 18, 0],
				"cubes": [
					{"origin": [-4, 16.7, -4.001], "size": [8, 8, 0], "uv": [24, 0]}
				]
			},
			{
				"name": "hair",
				"parent": "head",
				"pivot": [0, 18, 0]
			},
			{
				"name": "armRight",
				"pivot": [-3.5, 15.25, 0],
				"rotation": [0, 0, 25],
				"cubes": [
					{"origin": [-5.44834, 7.9723, -1], "size": [2, 7.35, 2], "uv": [8, 38]},
					{"origin": [-5.94834, 12.7223, -1.5], "size": [3, 3.6, 3], "uv": [32, 23]}
				]
			},
			{
				"name": "armLeft",
				"pivot": [3.5, 15.25, 0],
				"rotation": [0, 0, -25],
				"cubes": [
					{"origin": [2.94834, 12.7223, -1.5], "size": [3, 3.6, 3], "uv": [8, 32]},
					{"origin": [3.44834, 7.9723, -1], "size": [2, 7.35, 2], "uv": [20, 32]}
				]
			},
			{
				"name": "body",
				"pivot": [0, 10.5, 0],
				"cubes": [
					{"origin": [-3, 9.199, -3], "size": [6, 7.5, 6], "uv": [26, 10]},
					{"origin": [-2, 14.199, 3], "size": [4, 2.5, 1], "uv": [38, 29]}
				]
			},
			{
				"name": "bone13",
				"parent": "body",
				"pivot": [-1.625, 14.625, -3.25],
				"rotation": [0, 0, -52.5],
				"cubes": [
					{"origin": [-1.25, 13.75, -3.25], "size": [1, 2.75, 1.25], "uv": [4, 16]}
				]
			},
			{
				"name": "bone14",
				"parent": "body",
				"pivot": [1.375, 14.825, -3.25],
				"rotation": [0, 0, 52.5],
				"cubes": [
					{"origin": [0.24407, 14.00411, -3.25], "size": [1, 2.75, 1.25], "uv": [4, 16]}
				]
			},
			{
				"name": "bone15",
				"parent": "body",
				"pivot": [-3, 8.5, 0]
			},
			{
				"name": "bone90",
				"parent": "bone15",
				"pivot": [1.36907, 13.92911, -3.25],
				"rotation": [0, 0, -5]
			},
			{
				"name": "bone91",
				"parent": "bone15",
				"pivot": [-1.38093, 13.92911, -3.25],
				"rotation": [0, 0, 5]
			},
			{
				"name": "bone92",
				"parent": "bone15",
				"pivot": [-1.25593, 12.55411, -3.25],
				"rotation": [-4.88206, 1.08089, 17.45392],
				"cubes": [
					{"origin": [-1.90629, 11.72789, -3.39734], "size": [0.75, 3, 0.75], "uv": [45, 31]}
				]
			},
			{
				"name": "bone93",
				"parent": "bone15",
				"pivot": [1.24407, 12.55411, -3.25],
				"rotation": [-4.76968, -1.50179, -22.43745],
				"cubes": [
					{"origin": [1.34748, 11.79735, -3.40342], "size": [0.75, 3, 0.75], "uv": [45, 31]}
				]
			},
			{
				"name": "sittingRotationSkirt",
				"parent": "body",
				"pivot": [0, 10.5, 0]
			},
			{
				"name": "bone",
				"parent": "sittingRotationSkirt",
				"pivot": [0, 3, 0]
			},
			{
				"name": "bone2",
				"parent": "bone",
				"pivot": [0, 3, 0]
			},
			{
				"name": "bone3",
				"parent": "bone2",
				"pivot": [0, 3, 5.27792],
				"rotation": [23, 0, 0]
			},
			{
				"name": "bone4",
				"parent": "bone3",
				"pivot": [0, 3, 5.27792],
				"rotation": [0, -45, 0],
				"cubes": [
					{"origin": [-1, 7, 4.27792], "size": [2, 4, 2], "uv": [0, 0]}
				]
			},
			{
				"name": "bone6",
				"parent": "bone",
				"pivot": [0, 3, 0],
				"rotation": [0, -30, 0]
			},
			{
				"name": "bone7",
				"parent": "bone6",
				"pivot": [0, 3, 5.27792],
				"rotation": [23, 0, 0]
			},
			{
				"name": "bone8",
				"parent": "bone7",
				"pivot": [0, 3, 5.27792],
				"rotation": [0, -45, 0],
				"cubes": [
					{"origin": [-1, 7, 4.27792], "size": [2, 4, 2], "uv": [0, 0]}
				]
			},
			{
				"name": "bone9",
				"parent": "bone",
				"pivot": [0, 3, 0],
				"rotation": [0, -60, 0]
			},
			{
				"name": "bone10",
				"parent": "bone9",
				"pivot": [0, 3, 5.27792],
				"rotation": [23, 0, 0]
			},
			{
				"name": "bone11",
				"parent": "bone10",
				"pivot": [0, 3, 5.27792],
				"rotation": [0, -45, 0],
				"cubes": [
					{"origin": [-1, 7, 4.27792], "size": [2, 4, 2], "uv": [0, 0]}
				]
			},
			{
				"name": "bone16",
				"parent": "bone",
				"pivot": [0, 3, 0],
				"rotation": [0, -90, 0]
			},
			{
				"name": "bone17",
				"parent": "bone16",
				"pivot": [0, 3, 5.27792],
				"rotation": [23, 0, 0]
			},
			{
				"name": "bone18",
				"parent": "bone17",
				"pivot": [0, 3, 5.27792],
				"rotation": [0, -45, 0],
				"cubes": [
					{"origin": [-1, 7, 4.27792], "size": [2, 4, 2], "uv": [0, 0]}
				]
			},
			{
				"name": "bone19",
				"parent": "bone",
				"pivot": [0, 3, 0],
				"rotation": [0, -120, 0]
			},
			{
				"name": "bone20",
				"parent": "bone19",
				"pivot": [0, 3, 5.27792],
				"rotation": [23, 0, 0]
			},
			{
				"name": "bone21",
				"parent": "bone20",
				"pivot": [0, 3, 5.27792],
				"rotation": [0, -45, 0],
				"cubes": [
					{"origin": [-1, 7, 4.27792], "size": [2, 4, 2], "uv": [0, 0]}
				]
			},
			{
				"name": "bone22",
				"parent": "bone",
				"pivot": [0, 3, 0],
				"rotation": [0, -150, 0]
			},
			{
				"name": "bone23",
				"parent": "bone22",
				"pivot": [0, 3, 5.27792],
				"rotation": [23, 0, 0]
			},
			{
				"name": "bone24",
				"parent": "bone23",
				"pivot": [0, 3, 5.27792],
				"rotation": [0, -45, 0],
				"cubes": [
					{"origin": [-1, 7, 4.27792], "size": [2, 4, 2], "uv": [0, 0]}
				]
			},
			{
				"name": "bone25",
				"parent": "bone",
				"pivot": [0, 3, 0],
				"rotation": [0, -180, 0]
			},
			{
				"name": "bone26",
				"parent": "bone25",
				"pivot": [0, 3, 5.27792],
				"rotation": [23, 0, 0]
			},
			{
				"name": "bone27",
				"parent": "bone26",
				"pivot": [0, 3, 5.27792],
				"rotation": [0, -45, 0],
				"cubes": [
					{"origin": [-1, 7, 4.27792], "size": [2, 4, 2], "uv": [0, 0]}
				]
			},
			{
				"name": "bone28",
				"parent": "bone",
				"pivot": [0, 3, 0],
				"rotation": [0, -210, 0]
			},
			{
				"name": "bone29",
				"parent": "bone28",
				"pivot": [0, 3, 5.27792],
				"rotation": [23, 0, 0]
			},
			{
				"name": "bone30",
				"parent": "bone29",
				"pivot": [0, 3, 5.27792],
				"rotation": [0, -45, 0],
				"cubes": [
					{"origin": [-1, 7, 4.27792], "size": [2, 4, 2], "uv": [0, 0]}
				]
			},
			{
				"name": "bone31",
				"parent": "bone",
				"pivot": [0, 3, 0],
				"rotation": [0, -240, 0]
			},
			{
				"name": "bone32",
				"parent": "bone31",
				"pivot": [0, 3, 5.27792],
				"rotation": [23, 0, 0]
			},
			{
				"name": "bone33",
				"parent": "bone32",
				"pivot": [0, 3, 5.27792],
				"rotation": [0, -45, 0],
				"cubes": [
					{"origin": [-1, 7, 4.27792], "size": [2, 4, 2], "uv": [0, 0]}
				]
			},
			{
				"name": "bone34",
				"parent": "bone",
				"pivot": [0, 3, 0],
				"rotation": [0, -270, 0]
			},
			{
				"name": "bone35",
				"parent": "bone34",
				"pivot": [0, 3, 5.27792],
				"rotation": [23, 0, 0]
			},
			{
				"name": "bone36",
				"parent": "bone35",
				"pivot": [0, 3, 5.27792],
				"rotation": [0, -45, 0],
				"cubes": [
					{"origin": [-1, 7, 4.27792], "size": [2, 4, 2], "uv": [0, 0]}
				]
			},
			{
				"name": "bone37",
				"parent": "bone",
				"pivot": [0, 3, 0],
				"rotation": [0, -300, 0]
			},
			{
				"name": "bone38",
				"parent": "bone37",
				"pivot": [0, 3, 5.27792],
				"rotation": [23, 0, 0]
			},
			{
				"name": "bone39",
				"parent": "bone38",
				"pivot": [0, 3, 5.27792],
				"rotation": [0, -45, 0],
				"cubes": [
					{"origin": [-1, 7, 4.27792], "size": [2, 4, 2], "uv": [0, 0]}
				]
			},
			{
				"name": "bone40",
				"parent": "bone",
				"pivot": [0, 3, 0],
				"rotation": [0, -330, 0]
			},
			{
				"name": "bone41",
				"parent": "bone40",
				"pivot": [0, 3, 5.27792],
				"rotation": [23, 0, 0]
			},
			{
				"name": "bone42",
				"parent": "bone41",
				"pivot": [0, 3, 5.27792],
				"rotation": [0, -45, 0],
				"cubes": [
					{"origin": [-1, 7, 4.27792], "size": [2, 4, 2], "uv": [0, 0]}
				]
			},
			{
				"name": "legLeft",
				"pivot": [1.5, 9.5, 0],
				"cubes": [
					{"origin": [0.249, 0, -1.25], "size": [2.5, 9.5, 2.5], "uv": [0, 32]}
				]
			},
			{
				"name": "legRight",
				"pivot": [-1.5, 9.5, 0],
				"cubes": [
					{"origin": [-2.749, 0, -1.5], "size": [2.5, 9.5, 2.5], "uv": [0, 32]}
				]
			}
		]
	}
}