{
	"format_version": "1.10.0",
	"geometry.model": {
		"texturewidth": 96,
		"textureheight": 96,
		"visible_bounds_width": 3,
		"visible_bounds_height": 4,
		"visible_bounds_offset": [0, 1, 0],
		"bones": [
			{
				"name": "head",
				"pivot": [0, 17.5, 0],
				"cubes": [
					{"origin": [-4, 17.5, -4], "size": [8, 8, 8], "uv": [36, 0]}
				]
			},
			{
				"name": "hari1",
				"parent": "head",
				"pivot": [-0.05, 15.5, 4.3],
				"rotation": [-7.5, 0, 0]
			},
			{
				"name": "bone53",
				"parent": "hari1",
				"pivot": [3.95, 13, 5.55],
				"rotation": [15.72973, -34.0136, -8.19412],
				"cubes": [
					{"origin": [-5.11354, 7.8967, 10.12267], "size": [5, 10, 0], "uv": [24, 46]}
				]
			},
			{
				"name": "bone54",
				"parent": "hari1",
				"pivot": [3.95, 13, 5.55],
				"rotation": [16.33012, 34.0768, 6.26746],
				"cubes": [
					{"origin": [1.45, 8, 5.55], "size": [5, 10, 0], "uv": [14, 46]}
				]
			},
			{
				"name": "hair",
				"parent": "head",
				"pivot": [0, 17.5, 0],
				"cubes": [
					{"origin": [3.45, 16, -4.45], "size": [1, 1, 1], "uv": [26, 82]},
					{"origin": [-4.55, 16, -4.45], "size": [1, 1, 1], "uv": [26, 80]},
					{"origin": [-4.55, 17, -4.45], "size": [9, 9, 9], "uv": [0, 0]}
				]
			},
			{
				"name": "bone2",
				"parent": "hair",
				"pivot": [0, -0.5, 0]
			},
			{
				"name": "bone3",
				"parent": "bone2",
				"pivot": [0, -0.5, 0]
			},
			{
				"name": "bone4",
				"parent": "bone3",
				"pivot": [5.75, 21, -0.1]
			},
			{
				"name": "bone6",
				"parent": "bone3",
				"pivot": [4, 19, -0.1]
			},
			{
				"name": "bone7",
				"parent": "bone3",
				"pivot": [-5, 21.5, -0.1],
				"rotation": [0, 0, 90]
			},
			{
				"name": "bone113",
				"parent": "hair",
				"pivot": [0, 0, 0]
			},
			{
				"name": "bone114",
				"parent": "bone113",
				"pivot": [-0.05, 16.25, 5.55],
				"rotation": [25, 0, 0],
				"cubes": [
					{"origin": [-4.55, 8.75, 5.55], "size": [9, 12, 0], "uv": [0, 33]}
				]
			},
			{
				"name": "helmet",
				"parent": "head",
				"pivot": [0, -0.5, 0]
			},
			{
				"name": "hat",
				"parent": "head",
				"pivot": [0, 17.5, 0]
			},
			{
				"name": "ahoge",
				"parent": "hat",
				"pivot": [2, 25.5, 0]
			},
			{
				"name": "blink",
				"parent": "head",
				"pivot": [0, 17.5, 0],
				"cubes": [
					{"origin": [-4, 17.5, -4.001], "size": [8, 8, 0], "uv": [34, 33]}
				]
			},
			{
				"name": "armRight",
				"pivot": [-3, 17.5, 0],
				"rotation": [0, 0, 25],
				"cubes": [
					{"origin": [-4.5, 9.4967, -1], "size": [2, 8, 2], "uv": [16, 57]}
				]
			},
			{
				"name": "chestPlate2",
				"parent": "armRight",
				"pivot": [-10, 17.5, 0],
				"cubes": [
					{"origin": [-4.6, 14.64669, -1.1], "size": [2.2, 2.95, 2.2], "uv": [16, 75]}
				]
			},
			{
				"name": "armLeft",
				"pivot": [3, 17.5, 0],
				"rotation": [0, 0, -25],
				"cubes": [
					{"origin": [2.5, 9.49669, -1], "size": [2, 8, 2], "uv": [8, 57]},
					{"origin": [2.425, 9.39669, -1.075], "size": [2.15, 4.1, 2.15], "uv": [24, 68]},
					{"origin": [3.5, 13, -1.75], "size": [2.5, 4.25, 3.5], "uv": [24, 57], "inflate": -1}
				]
			},
			{
				"name": "chest3",
				"parent": "armLeft",
				"pivot": [4, 17.5, 0],
				"rotation": [0, 180, 0],
				"cubes": [
					{"origin": [3.4, 14.39669, -1.1], "size": [2.2, 1.2, 2.2], "uv": [24, 75]}
				]
			},
			{
				"name": "body",
				"pivot": [0, 10.5, 0]
			},
			{
				"name": "chest1",
				"parent": "body",
				"pivot": [0, 10.5, 0],
				"cubes": [
					{"origin": [-3, 7.999, -3], "size": [6, 9, 6], "uv": [0, 18]},
					{"origin": [-3.1, 8.899, -3.1], "size": [6.2, 3.1, 6.3], "uv": [24, 18]}
				]
			},
			{
				"name": "chest",
				"parent": "body",
				"pivot": [-1.54579, 15.47877, -3.41818],
				"rotation": [42.38565, 9.91358, -1.31845],
				"cubes": [
					{"origin": [-2.82306, 14.03022, -4.86087], "size": [2.75, 2.75, 2.75], "uv": [8, 75]}
				]
			},
			{
				"name": "chest2",
				"parent": "body",
				"pivot": [1.45421, 15.47877, -3.41818],
				"rotation": [42.50099, -4.99867, -1.32348],
				"cubes": [
					{"origin": [0.07921, 14.1038, -4.79318], "size": [2.75, 2.75, 2.75], "uv": [0, 75]}
				]
			},
			{
				"name": "bone5",
				"parent": "body",
				"pivot": [0, 16.75, 3.1],
				"cubes": [
					{"origin": [-0.499, 8.5, -3.25], "size": [1, 0.5, 6.25], "uv": [75, 58]},
					{"origin": [3.001, 7.75, -3.5], "size": [0.5, 3.25, 2], "uv": [75, 58]},
					{"origin": [3.251, 8.25, -1.5], "size": [0.5, 4, 3], "uv": [75, 58]},
					{"origin": [-0.749, 8, -3.25], "size": [1.5, 2.75, 0.25], "uv": [75, 58]},
					{"origin": [-3.499, 7.75, 1.5], "size": [0.5, 3.25, 2], "uv": [75, 58]},
					{"origin": [-2.999, 8.25, -3.5], "size": [2.25, 1.5, 0.5], "uv": [75, 58]},
					{"origin": [2.001, 9.75, -3.5], "size": [1, 0.75, 0.5], "uv": [75, 58]},
					{"origin": [-2.999, 9.75, -3.5], "size": [1, 0.75, 0.5], "uv": [75, 58]},
					{"origin": [1.251, 8.25, 3], "size": [1.75, 2.25, 0.5], "uv": [75, 58]},
					{"origin": [-1.249, 7.75, 3], "size": [2.5, 4, 0.5], "uv": [75, 58]},
					{"origin": [-3.499, 7.75, -3.5], "size": [0.5, 3.25, 2], "uv": [75, 58]},
					{"origin": [3.001, 7.75, 1.5], "size": [0.5, 3.25, 2], "uv": [75, 58]},
					{"origin": [-2.999, 8.25, 3], "size": [1.75, 2.25, 0.5], "uv": [75, 58]},
					{"origin": [0.751, 8.25, -3.5], "size": [2.25, 1.5, 0.5], "uv": [75, 58]},
					{"origin": [-3.749, 8.25, -1.5], "size": [0.5, 4, 3], "uv": [76, 58]}
				]
			},
			{
				"name": "legLeft",
				"pivot": [2, 9, 0],
				"cubes": [
					{"origin": [0.349, 0, -1.5], "size": [2.5, 9, 2.5], "uv": [0, 57]},
					{"origin": [-0.001, 8, -1.75], "size": [3, 1, 3], "uv": [12, 68]}
				]
			},
			{
				"name": "legRight",
				"pivot": [-2, 9, 0],
				"cubes": [
					{"origin": [-2.849, 0, -1.5], "size": [2.5, 9, 2.5], "uv": [34, 46]},
					{"origin": [-2.999, 8, -1.75], "size": [3, 1, 3], "uv": [0, 68]}
				]
			},
			{
				"name": "cape",
				"pivot": [0, 13.249, 4.25],
				"rotation": [12.5, 0, 0],
				"cubes": [
					{"origin": [-4, 5.249, 4.15], "size": [8, 13, 0.1], "uv": [18, 33]}
				]
			}
		]
	}
}