{
	"format_version": "1.10.0",
	"geometry.model": {
		"texturewidth": 64,
		"textureheight": 64,
		"visible_bounds_width": 3,
		"visible_bounds_height": 4,
		"visible_bounds_offset": [0, 1, 0],
		"bones": [
			{
				"name": "head",
				"pivot": [0, 16.5, 0],
				"cubes": [
					{"origin": [-4, 16.7, -4], "size": [8, 8, 8], "uv": [0, 16]},
					{"origin": [-4.25, 16.45, -4.25], "size": [8.5, 8.5, 8.5], "uv": [0, 0]}
				]
			},
			{
				"name": "ahoge",
				"parent": "head",
				"pivot": [0, 26, 0],
				"cubes": [
					{"origin": [-1.5, 24.95, -1], "size": [3, 3, 0], "uv": [24, 4]}
				]
			},
			{
				"name": "blink",
				"parent": "head",
				"pivot": [0, 18, 0],
				"cubes": [
					{"origin": [-4, 16.7, -4.001], "size": [8, 8, 0], "uv": [0, 32]}
				]
			},
			{
				"name": "bone",
				"parent": "head",
				"pivot": [0.5, 16, 0.25]
			},
			{
				"name": "earLeft",
				"parent": "bone",
				"pivot": [-3, 22, 0],
				"rotation": [0, 0, -60],
				"cubes": [
					{"origin": [-5.75, 21, -1.25], "size": [4.5, 6, 2], "uv": [30, 30], "inflate": -1}
				]
			},
			{
				"name": "earRight",
				"parent": "bone",
				"pivot": [3.05, 22, -0.5],
				"rotation": [180, 0, -120],
				"cubes": [
					{"origin": [0.3, 21, -1.75], "size": [4.5, 6, 2], "uv": [30, 30], "inflate": -1}
				]
			},
			{
				"name": "hair",
				"parent": "head",
				"pivot": [-0.25, 22, -5],
				"rotation": [-5, 0, 0],
				"cubes": [
					{"origin": [-3.5, 21.9, -7], "size": [6.5, 0, 4], "uv": [20, 0]}
				]
			},
			{
				"name": "bone4",
				"parent": "hair",
				"pivot": [-0.25, 22.1, -5],
				"cubes": [
					{"origin": [-3.75, 22.1, -5], "size": [3, 2, 0.25], "uv": [0, 6]},
					{"origin": [0.7, 22.1, -5], "size": [3, 2, 0.25], "uv": [0, 6]},
					{"origin": [-0.75, 22.85, -5], "size": [1.45, 1, 0.25], "uv": [0, 57]},
					{"origin": [4.2, 23.35, -4.75], "size": [0.25, 0.5, 4.3], "uv": [0, 57]},
					{"origin": [3.7, 22.85, -5], "size": [0.75, 1, 0.25], "uv": [0, 57]},
					{"origin": [0.6, 24.05, -5.1], "size": [3.25, 0.2, 0.35], "uv": [0, 57]},
					{"origin": [-3.9, 21.95, -5.1], "size": [0.15, 2.1, 0.35], "uv": [0, 57]},
					{"origin": [-3.9, 21.95, -5.1], "size": [3.15, 0.2, 0.35], "uv": [0, 57]},
					{"origin": [-0.8, 21.95, -5.1], "size": [0.15, 2.1, 0.35], "uv": [0, 57]},
					{"origin": [-3.9, 24.05, -5.1], "size": [3.25, 0.2, 0.35], "uv": [0, 57]},
					{"origin": [0.6, 21.95, -5.1], "size": [3.15, 0.2, 0.35], "uv": [0, 57]},
					{"origin": [3.7, 21.95, -5.1], "size": [0.15, 2.1, 0.35], "uv": [0, 57]},
					{"origin": [0.6, 21.95, -5.1], "size": [0.15, 2.1, 0.35], "uv": [0, 57]},
					{"origin": [-4.5, 23.35, -4.75], "size": [0.25, 0.5, 4.05], "uv": [0, 57]},
					{"origin": [-4.5, 22.85, -5], "size": [0.75, 1, 0.25], "uv": [0, 57]}
				]
			},
			{
				"name": "armRight",
				"pivot": [-2.7, 15.7, 0],
				"rotation": [0, 0, 25],
				"cubes": [
					{"origin": [-4.99584, 7.98442, -1], "size": [2, 7.35, 2], "uv": [8, 40]},
					{"origin": [-5.34464, 7.73442, -1.25], "size": [2.5, 7.85, 2.5], "uv": [24, 36]}
				]
			},
			{
				"name": "armLeft",
				"pivot": [2.55, 15.7, 0],
				"rotation": [0, 0, -25],
				"cubes": [
					{"origin": [2.84584, 7.98442, -1], "size": [2, 7.35, 2], "uv": [32, 38]},
					{"origin": [2.59584, 7.73442, -1.25], "size": [2.5, 7.85, 2.5], "uv": [0, 40]}
				]
			},
			{
				"name": "body",
				"pivot": [0, 10.5, 0],
				"cubes": [
					{"origin": [-3, 8.199, -3], "size": [6, 8.5, 6], "uv": [26, 10]}
				]
			},
			{
				"name": "skirt",
				"parent": "body",
				"pivot": [0, 7.5, 0]
			},
			{
				"name": "bone6",
				"parent": "skirt",
				"pivot": [0, 7.5, 0]
			},
			{
				"name": "bone7",
				"parent": "bone6",
				"pivot": [0, 7.5, 3.89238],
				"rotation": [20, 0, 0],
				"cubes": [
					{"origin": [-2, 6.85277, 3.89238], "size": [4, 6, 0], "uv": [0, 0]}
				]
			},
			{
				"name": "bone8",
				"parent": "bone7",
				"pivot": [-2, 6.85277, 3.89238],
				"rotation": [0, 0, 18.88172],
				"cubes": [
					{"origin": [-4, 6.85277, 3.89138], "size": [2, 6, 0], "uv": [0, 16]}
				]
			},
			{
				"name": "bone9",
				"parent": "bone7",
				"pivot": [2, 6.85277, 3.89238],
				"rotation": [0, 0, -18.88172],
				"cubes": [
					{"origin": [2, 6.85277, 3.89338], "size": [2, 6, 0], "uv": [0, 16]}
				]
			},
			{
				"name": "bone10",
				"parent": "skirt",
				"pivot": [0, 7.5, 0],
				"rotation": [0, -90, 0]
			},
			{
				"name": "bone11",
				"parent": "bone10",
				"pivot": [0, 7.5, 3.89238],
				"rotation": [20, 0, 0],
				"cubes": [
					{"origin": [-2, 6.85277, 3.89238], "size": [4, 6, 0], "uv": [0, 0]}
				]
			},
			{
				"name": "bone12",
				"parent": "bone11",
				"pivot": [-2, 6.85277, 3.89238],
				"rotation": [0, 0, 18.88172],
				"cubes": [
					{"origin": [-4, 6.85277, 3.89138], "size": [2, 6, 0], "uv": [0, 16]}
				]
			},
			{
				"name": "bone13",
				"parent": "bone11",
				"pivot": [2, 6.85277, 3.89238],
				"rotation": [0, 0, -18.88172],
				"cubes": [
					{"origin": [2, 6.85277, 3.89338], "size": [2, 6, 0], "uv": [0, 16]}
				]
			},
			{
				"name": "bone14",
				"parent": "skirt",
				"pivot": [0, 7.5, 0],
				"rotation": [0, -180, 0]
			},
			{
				"name": "bone15",
				"parent": "bone14",
				"pivot": [0, 7.5, 3.89238],
				"rotation": [20, 0, 0],
				"cubes": [
					{"origin": [-2, 6.85277, 3.89238], "size": [4, 6, 0], "uv": [0, 0]}
				]
			},
			{
				"name": "bone16",
				"parent": "bone15",
				"pivot": [-2, 6.85277, 3.89238],
				"rotation": [0, 0, 18.88172],
				"cubes": [
					{"origin": [-4, 6.85277, 3.89138], "size": [2, 6, 0], "uv": [0, 16]}
				]
			},
			{
				"name": "bone17",
				"parent": "bone15",
				"pivot": [2, 6.85277, 3.89238],
				"rotation": [0, 0, -18.88172],
				"cubes": [
					{"origin": [2, 6.85277, 3.89338], "size": [2, 6, 0], "uv": [0, 16]}
				]
			},
			{
				"name": "bone18",
				"parent": "skirt",
				"pivot": [0, 7.5, 0],
				"rotation": [0, -270, 0]
			},
			{
				"name": "bone19",
				"parent": "bone18",
				"pivot": [0, 7.5, 3.89238],
				"rotation": [20, 0, 0],
				"cubes": [
					{"origin": [-2, 6.85277, 3.89238], "size": [4, 6, 0], "uv": [0, 0]}
				]
			},
			{
				"name": "bone20",
				"parent": "bone19",
				"pivot": [-2, 6.85277, 3.89238],
				"rotation": [0, 0, 18.88172],
				"cubes": [
					{"origin": [-4, 6.85277, 3.89138], "size": [2, 6, 0], "uv": [0, 16]}
				]
			},
			{
				"name": "bone21",
				"parent": "bone19",
				"pivot": [2, 6.85277, 3.89238],
				"rotation": [0, 0, -18.88172],
				"cubes": [
					{"origin": [2, 6.85277, 3.89338], "size": [2, 6, 0], "uv": [0, 16]}
				]
			},
			{
				"name": "bone22",
				"parent": "body",
				"pivot": [0.125, 13.875, -4.125],
				"rotation": [0, 0, -5],
				"cubes": [
					{"origin": [-0.5, 13.05, -3.35], "size": [1.25, 1.25, 0.25], "uv": [50, 31]}
				]
			},
			{
				"name": "bone23",
				"parent": "bone22",
				"pivot": [0.875, 14.625, -4.025],
				"rotation": [0, 0, -37.5],
				"cubes": [
					{"origin": [-0.125, 14.625, -3.275], "size": [0.25, 3.1, 0.25], "uv": [61, 31]}
				]
			},
			{
				"name": "bone24",
				"parent": "bone22",
				"pivot": [1.1, 15.025, -3.05],
				"rotation": [0, 0, 45],
				"cubes": [
					{"origin": [0.975, 13.825, -3.175], "size": [0.25, 3, 0.25], "uv": [61, 31]}
				]
			},
			{
				"name": "bone25",
				"parent": "bone22",
				"pivot": [0.625, 14.375, -4.125],
				"rotation": [0, 0, -12.5],
				"cubes": [
					{"origin": [-0.9, 14.55, -3.35], "size": [0.5, 1.25, 0.25], "uv": [55, 31]}
				]
			},
			{
				"name": "bone26",
				"parent": "bone22",
				"pivot": [-0.075, 13.375, -4.125],
				"rotation": [0, 0, 25],
				"cubes": [
					{"origin": [-1.2, 14.05, -3.35], "size": [0.5, 1.25, 0.25], "uv": [55, 31]}
				]
			},
			{
				"name": "legLeft",
				"pivot": [1.5, 8.5, 0],
				"cubes": [
					{"origin": [0.249, 0, -1.25], "size": [2.5, 8.5, 2.5], "uv": [36, 0]}
				]
			},
			{
				"name": "legRight",
				"pivot": [-1.5, 8.5, 0],
				"cubes": [
					{"origin": [-2.749, 0, -1.5], "size": [2.5, 8.5, 2.5], "uv": [16, 32]}
				]
			}
		]
	}
}