{
	"format_version": "1.10.0",
	"geometry.model": {
		"texturewidth": 128,
		"textureheight": 128,
		"visible_bounds_width": 2,
		"visible_bounds_height": 2,
		"visible_bounds_offset": [0, 1, 0],
		"bones": [
			{
				"name": "head",
				"pivot": [0, 20, 0]
			},
			{
				"name": "ahoge",
				"parent": "head",
				"pivot": [0, 28, -2.5]
			},
			{
				"name": "_chestPlate",
				"parent": "ahoge",
				"pivot": [0, 28, -2.5],
				"cubes": [
					{"origin": [-0.5, 28, -2.5], "size": [2, 3, 0], "uv": [40, 31], "mirror": true}
				]
			},
			{
				"name": "chestPlate",
				"parent": "ahoge",
				"pivot": [0, 28, -2.5],
				"cubes": [
					{"origin": [-0.5, 28, -2.5], "size": [2, 3, 0], "uv": [40, 23], "mirror": true}
				]
			},
			{
				"name": "_helmet",
				"parent": "head",
				"pivot": [0, 20, 0],
				"cubes": [
					{"origin": [-4, 20, -4], "size": [8, 8, 8], "uv": [96, 0]},
					{"origin": [-4.5, 18.5, -4.5], "size": [9, 10, 9], "uv": [92, 16]}
				]
			},
			{
				"name": "bone27",
				"parent": "_helmet",
				"pivot": [0, 24, -2],
				"rotation": [45, 0, 0],
				"cubes": [
					{"origin": [-6.5, 15.04541, -12.22739], "size": [16, 16, 16], "uv": [64, 96], "inflate": -5.1}
				]
			},
			{
				"name": "bone23",
				"parent": "_helmet",
				"pivot": [4, 0, -4]
			},
			{
				"name": "bone21",
				"parent": "bone23",
				"pivot": [3, 28, -0.5],
				"rotation": [0, 0, 15],
				"cubes": [
					{"origin": [1.75, 28, -1], "size": [3, 4, 1], "uv": [95, 0]},
					{"origin": [2.75, 31, -1], "size": [1, 1, 1], "uv": [124, 0]},
					{"origin": [3.75, 30, -1], "size": [1, 1, 1], "uv": [124, 3]}
				]
			},
			{
				"name": "bone25",
				"parent": "bone23",
				"pivot": [-2, 28, -0.5],
				"rotation": [0, 0, -15],
				"cubes": [
					{"origin": [-4.71593, 28.25882, -1], "size": [3, 4, 1], "uv": [95, 0], "mirror": true},
					{"origin": [-2.75, 31, -1], "size": [1, 1, 1], "uv": [124, 0], "mirror": true},
					{"origin": [-3.75, 30, -1], "size": [1, 1, 1], "uv": [124, 3], "mirror": true}
				]
			},
			{
				"name": "bone12",
				"parent": "_helmet",
				"pivot": [0, 20, 4],
				"rotation": [6, 0, 0],
				"cubes": [
					{"origin": [-3.5, 16.4, 3], "size": [7, 4, 1], "uv": [112, 36]},
					{"origin": [-2.5, 15.4, 3], "size": [5, 1, 1], "uv": [99, 36]},
					{"origin": [-0.5, 14.4, 3], "size": [1, 1, 1], "uv": [94, 36]},
					{"origin": [-1, 9.4, 3], "size": [2, 5, 1], "uv": [122, 42]},
					{"origin": [-0.5, 7.4, 3], "size": [1, 2, 1], "uv": [95, 43]}
				]
			},
			{
				"name": "helmet",
				"parent": "head",
				"pivot": [0, 20, 0],
				"cubes": [
					{"origin": [-4.5, 18.5, -4.5], "size": [9, 10, 9], "uv": [92, 42]},
					{"origin": [-4, 20, -4], "size": [8, 8, 8], "uv": [64, 0]}
				]
			},
			{
				"name": "bone28",
				"parent": "helmet",
				"pivot": [0, 24, -2],
				"rotation": [45, 0, 0],
				"cubes": [
					{"origin": [-6.5, 15.04541, -12.22739], "size": [16, 16, 16], "uv": [0, 96], "inflate": -5.1}
				]
			},
			{
				"name": "bone24",
				"parent": "helmet",
				"pivot": [-4, 0, -4]
			},
			{
				"name": "bone26",
				"parent": "bone24",
				"pivot": [-3, 28, -0.5],
				"rotation": [0, 0, -15],
				"cubes": [
					{"origin": [-4.75, 28, -1], "size": [3, 4, 1], "uv": [91, 17], "mirror": true},
					{"origin": [-3.75, 31, -1], "size": [1, 1, 1], "uv": [124, 17], "mirror": true},
					{"origin": [-4.75, 30, -1], "size": [1, 1, 1], "uv": [124, 20], "mirror": true}
				]
			},
			{
				"name": "bone22",
				"parent": "bone24",
				"pivot": [3, 28, -0.5],
				"rotation": [0, 0, 15],
				"cubes": [
					{"origin": [1.75, 28, -1], "size": [3, 4, 1], "uv": [91, 17]},
					{"origin": [2.75, 31, -1], "size": [1, 1, 1], "uv": [124, 17]},
					{"origin": [3.75, 30, -1], "size": [1, 1, 1], "uv": [124, 20]}
				]
			},
			{
				"name": "bone29",
				"parent": "helmet",
				"pivot": [0, 20, 4],
				"rotation": [6, 0, 0],
				"cubes": [
					{"origin": [-3.5, 16.4, 3], "size": [7, 4, 1], "uv": [73, 18]},
					{"origin": [-2.5, 15.4, 3], "size": [5, 1, 1], "uv": [78, 24]},
					{"origin": [-0.5, 14.4, 3], "size": [1, 1, 1], "uv": [72, 24]},
					{"origin": [-1, 9.4, 3], "size": [2, 5, 1], "uv": [84, 27]},
					{"origin": [-0.5, 7.4, 3], "size": [1, 2, 1], "uv": [78, 27]}
				]
			},
			{
				"name": "body",
				"pivot": [0, 10, 0]
			},
			{
				"name": "_chestPlateMiddle",
				"parent": "body",
				"pivot": [0, 10, 0]
			},
			{
				"name": "bone32",
				"parent": "_chestPlateMiddle",
				"pivot": [0, 17.5, -0.25],
				"rotation": [-25, 0, 0]
			},
			{
				"name": "bone17",
				"parent": "bone32",
				"pivot": [4, 1, -1.75],
				"cubes": [
					{"origin": [-3.5, 14.22811, -2.12321], "size": [7, 6, 3], "uv": [37, 0], "inflate": -0.5},
					{"origin": [-5.5, 10.72811, -4.22321], "size": [11, 10, 0], "uv": [49, 34], "inflate": -2.5}
				]
			},
			{
				"name": "bone19",
				"parent": "_chestPlateMiddle",
				"pivot": [3.5, 0, -1.5],
				"cubes": [
					{"origin": [-4.5, 8.45, -2.5], "size": [9, 4, 5], "uv": [18, 54], "inflate": -0.8},
					{"origin": [-3.5, 10, -1.5], "size": [7, 10, 3], "uv": [108, 69]},
					{"origin": [-4.5, 17, -2.5], "size": [9, 4, 5], "uv": [47, 54], "inflate": -0.8},
					{"origin": [-4.5, 10.75, -2.5], "size": [9, 7, 5], "uv": [79, 70], "inflate": -0.9}
				]
			},
			{
				"name": "chestPlateMiddle",
				"parent": "body",
				"pivot": [0, 10, 0]
			},
			{
				"name": "bone7",
				"parent": "chestPlateMiddle",
				"pivot": [0, 17.5, -0.25],
				"rotation": [-25, 0, 0]
			},
			{
				"name": "bone18",
				"parent": "bone7",
				"pivot": [4, 1, -1.75],
				"cubes": [
					{"origin": [-5.5, 10.72811, -4.22321], "size": [11, 10, 0], "uv": [49, 44], "inflate": -2.5},
					{"origin": [-3.5, 14.22811, -2.12321], "size": [7, 6, 3], "uv": [37, 10], "inflate": -0.5}
				]
			},
			{
				"name": "bone20",
				"parent": "chestPlateMiddle",
				"pivot": [3.5, 0, -1.5],
				"cubes": [
					{"origin": [-4.5, 8.45, -2.5], "size": [9, 4, 5], "uv": [18, 64], "inflate": -0.8},
					{"origin": [-3.5, 10, -1.5], "size": [7, 10, 3], "uv": [108, 82]},
					{"origin": [-4.5, 17, -2.5], "size": [9, 4, 5], "uv": [47, 64], "inflate": -0.8},
					{"origin": [-4.5, 10.75, -2.5], "size": [9, 7, 5], "uv": [79, 83], "inflate": -0.9}
				]
			},
			{
				"name": "tail",
				"parent": "body",
				"pivot": [0, 10, 1.75]
			},
			{
				"name": "bone15",
				"parent": "tail",
				"pivot": [0, 9.8, 1.9],
				"rotation": [-70, 0, 0]
			},
			{
				"name": "_leggingsMiddle",
				"parent": "bone15",
				"pivot": [0, 9.8, 1.56667],
				"cubes": [
					{"origin": [-0.5, 9.3, 1.15], "size": [1, 1, 2], "uv": [49, 96]},
					{"origin": [-1, 8.8, 3.15], "size": [2, 2, 4], "uv": [49, 105]},
					{"origin": [-0.5, 9.3, 7.15], "size": [1, 1, 2], "uv": [50, 101]}
				]
			},
			{
				"name": "leggingsMiddle",
				"parent": "bone15",
				"pivot": [0, 9.8, 1.81667],
				"cubes": [
					{"origin": [-0.5, 9.3, 1.15], "size": [1, 1, 2], "uv": [73, 96]},
					{"origin": [-1, 8.8, 3.15], "size": [2, 2, 4], "uv": [67, 105]},
					{"origin": [-0.5, 9.3, 7.15], "size": [1, 1, 2], "uv": [72, 101]}
				]
			},
			{
				"name": "armLeft",
				"pivot": [4.5, 18, -1.5],
				"cubes": [
					{"origin": [3.5, 10, -1.5], "size": [3, 10, 3], "uv": [0, 97]}
				]
			},
			{
				"name": "_chestPlateLeft",
				"parent": "armLeft",
				"pivot": [5, 15.5, 0],
				"cubes": [
					{"origin": [0.5, 8, -4.5], "size": [9, 12, 9], "uv": [0, 74], "inflate": -2.9}
				]
			},
			{
				"name": "chestPlateLeft",
				"parent": "armLeft",
				"pivot": [5, 15.5, 0],
				"cubes": [
					{"origin": [0.5, 8, -4.5], "size": [9, 12, 9], "uv": [37, 74], "inflate": -2.9}
				]
			},
			{
				"name": "armRight",
				"pivot": [-4.5, 18, -1.5],
				"cubes": [
					{"origin": [-6.5, 10, -1.5], "size": [3, 10, 3], "uv": [0, 97], "mirror": true}
				]
			},
			{
				"name": "_chestPlateRight",
				"parent": "armRight",
				"pivot": [-5, 15.5, 0],
				"cubes": [
					{"origin": [-9.5, 8, -4.5], "size": [9, 12, 9], "uv": [0, 74], "inflate": -2.9, "mirror": true}
				]
			},
			{
				"name": "chestPlateRight",
				"parent": "armRight",
				"pivot": [-5, 15.5, 0],
				"cubes": [
					{"origin": [-9.5, 8, -4.5], "size": [9, 12, 9], "uv": [37, 74], "inflate": -2.9, "mirror": true}
				]
			},
			{
				"name": "legLeft",
				"pivot": [2, 10, 0],
				"cubes": [
					{"origin": [0.5, 0, -1.5], "size": [3, 10, 3], "uv": [80, 55]},
					{"origin": [-2.5, 4, -4.5], "size": [9, 9, 9], "uv": [0, 35], "inflate": -2.9},
					{"origin": [-2.5, -3, -4.5], "size": [9, 9, 9], "uv": [0, 17], "inflate": -2.9},
					{"origin": [-2.5, -1.1, -4.5], "size": [9, 7, 9], "uv": [0, 0], "inflate": -2.8}
				]
			},
			{
				"name": "legRight",
				"pivot": [-2, 10, 0],
				"cubes": [
					{"origin": [-3.5, 0, -1.5], "size": [3, 10, 3], "uv": [80, 41], "mirror": true},
					{"origin": [-6.5, 4, -4.5], "size": [9, 9, 9], "uv": [0, 35], "inflate": -2.9, "mirror": true},
					{"origin": [-6.5, -3, -4.5], "size": [9, 9, 9], "uv": [0, 17], "inflate": -2.9, "mirror": true},
					{"origin": [-6.5, -1.1, -4.5], "size": [9, 7, 9], "uv": [0, 0], "inflate": -2.8, "mirror": true}
				]
			},
			{
				"name": "backpackPositioningBone",
				"pivot": [0, 19, 0]
			}
		]
	}
}