{
	"format_version": "1.10.0",
	"geometry.model": {
		"texturewidth": 128,
		"textureheight": 128,
		"visible_bounds_width": 2,
		"visible_bounds_height": 2,
		"visible_bounds_offset": [0, 1, 0],
		"bones": [
			{
				"name": "head",
				"pivot": [0, 20, 0],
				"cubes": [
					{"origin": [-4, 20, -4], "size": [8, 8, 8], "uv": [96, 0]},
					{"origin": [-4.5, 19.5, -4.5], "size": [9, 9, 9], "uv": [92, 16]}
				]
			},
			{
				"name": "bone37",
				"parent": "head",
				"pivot": [4.6, 28.4, 0.9],
				"rotation": [0, 0, -10],
				"cubes": [
					{"origin": [4.9, 24.4, 0.4], "size": [1, 4, 1], "uv": [0, 0]}
				]
			},
			{
				"name": "bone36",
				"parent": "head",
				"pivot": [4.65, 27.9, 0.9],
				"rotation": [25, 0, -5],
				"cubes": [
					{"origin": [1.75, 23.4, -3.6], "size": [6, 9, 9], "uv": [0, 0], "inflate": -3.4}
				]
			},
			{
				"name": "bone41",
				"parent": "head",
				"pivot": [4.65, 27.9, 0.9],
				"rotation": [-20, 0, -5],
				"cubes": [
					{"origin": [1.65, 23.4, -3.6], "size": [6, 9, 9], "uv": [0, 0], "inflate": -3.2}
				]
			},
			{
				"name": "bone9",
				"parent": "head",
				"pivot": [0.85, 20.325, 3.75],
				"rotation": [12, 5, -22],
				"cubes": [
					{"origin": [0.85, 15.45, 3.25], "size": [3, 5, 1], "uv": [25, 0]}
				]
			},
			{
				"name": "bone10",
				"parent": "bone9",
				"pivot": [1.1, 15.45, 3.75],
				"rotation": [0, 0, -15],
				"cubes": [
					{"origin": [0.85852, 15.5147, 3.25], "size": [3, 5, 1], "uv": [25, 0]}
				]
			},
			{
				"name": "bone11",
				"parent": "bone9",
				"pivot": [0.9, 15.45, 3.75],
				"rotation": [0, 0, -50],
				"cubes": [
					{"origin": [0.8517, 12.46294, 3.25], "size": [2, 3, 1], "uv": [28, 0]}
				]
			},
			{
				"name": "bone12",
				"parent": "bone11",
				"pivot": [2.9, 12.45, 3.75],
				"rotation": [0, 0, 60],
				"cubes": [
					{"origin": [1.8517, 7.46294, 3.25], "size": [1, 5, 1], "uv": [28, 0]}
				]
			},
			{
				"name": "bone13",
				"parent": "bone12",
				"pivot": [2.9, 7.45, 3.75],
				"rotation": [0, 0, 20],
				"cubes": [
					{"origin": [1.8517, 4.46294, 3.25], "size": [1, 3, 1], "uv": [28, 0]}
				]
			},
			{
				"name": "bone14",
				"parent": "bone9",
				"pivot": [2.03912, 16.55266, 3.95154],
				"rotation": [0, 0, 14],
				"cubes": [
					{"origin": [-0.34445, 14.6968, 2.24977], "size": [6, 2, 3], "uv": [105, 88], "inflate": -0.8}
				]
			},
			{
				"name": "bone17",
				"parent": "bone9",
				"pivot": [2.45, 15.05, 3.45],
				"rotation": [0, 0, 34],
				"cubes": [
					{"origin": [-2.90669, 15.67948, 2.24015], "size": [7, 2, 3], "uv": [105, 88], "inflate": -0.8}
				]
			},
			{
				"name": "bone15",
				"parent": "bone9",
				"pivot": [2.35, 16.35, 3.75],
				"rotation": [0, 0, -15],
				"cubes": [
					{"origin": [-0.25, 15.15, 2.25], "size": [5, 2, 3], "uv": [105, 88], "inflate": -0.7}
				]
			},
			{
				"name": "bone16",
				"parent": "bone9",
				"pivot": [3.65, 13.55, 3.75],
				"rotation": [0, 0, -10],
				"cubes": [
					{"origin": [2.15, 12.55, 2.25], "size": [3, 2, 3], "uv": [105, 88], "inflate": -0.75}
				]
			},
			{
				"name": "bone39",
				"parent": "bone9",
				"pivot": [3.35, 13.85, 3.75],
				"rotation": [0, 0, -40],
				"cubes": [
					{"origin": [1.85, 12.85, 2.25], "size": [4, 2, 3], "uv": [105, 88], "inflate": -0.85}
				]
			},
			{
				"name": "bone18",
				"parent": "head",
				"pivot": [-0.85, 20.325, 3.75],
				"rotation": [12, -5, 22],
				"cubes": [
					{"origin": [-3.85, 15.45, 3.25], "size": [3, 5, 1], "uv": [25, 0], "mirror": true}
				]
			},
			{
				"name": "bone19",
				"parent": "bone18",
				"pivot": [-1.1, 15.45, 3.75],
				"rotation": [0, 0, 15],
				"cubes": [
					{"origin": [-3.85852, 15.5147, 3.25], "size": [3, 5, 1], "uv": [25, 0], "mirror": true}
				]
			},
			{
				"name": "bone20",
				"parent": "bone18",
				"pivot": [-0.9, 15.45, 3.75],
				"rotation": [0, 0, 50],
				"cubes": [
					{"origin": [-2.8517, 12.46294, 3.25], "size": [2, 3, 1], "uv": [28, 0], "mirror": true}
				]
			},
			{
				"name": "bone21",
				"parent": "bone20",
				"pivot": [-2.9, 12.45, 3.75],
				"rotation": [0, 0, -60],
				"cubes": [
					{"origin": [-2.8517, 7.46294, 3.25], "size": [1, 5, 1], "uv": [28, 0], "mirror": true}
				]
			},
			{
				"name": "bone22",
				"parent": "bone21",
				"pivot": [-2.9, 7.45, 3.75],
				"rotation": [0, 0, -20],
				"cubes": [
					{"origin": [-2.8517, 4.46294, 3.25], "size": [1, 3, 1], "uv": [28, 0], "mirror": true}
				]
			},
			{
				"name": "bone23",
				"parent": "bone18",
				"pivot": [-2.03912, 16.55266, 3.95154],
				"rotation": [0, 0, -14],
				"cubes": [
					{"origin": [-5.65555, 14.6968, 2.24977], "size": [6, 2, 3], "uv": [105, 88], "inflate": -0.8, "mirror": true}
				]
			},
			{
				"name": "bone24",
				"parent": "bone18",
				"pivot": [-2.45, 15.05, 3.45],
				"rotation": [0, 0, -34],
				"cubes": [
					{"origin": [-4.09331, 15.67948, 2.24015], "size": [7, 2, 3], "uv": [105, 88], "inflate": -0.8, "mirror": true}
				]
			},
			{
				"name": "bone25",
				"parent": "bone18",
				"pivot": [-2.35, 16.35, 3.75],
				"rotation": [0, 0, 15],
				"cubes": [
					{"origin": [-4.75, 15.15, 2.25], "size": [5, 2, 3], "uv": [105, 88], "inflate": -0.7, "mirror": true}
				]
			},
			{
				"name": "bone26",
				"parent": "bone18",
				"pivot": [-3.65, 13.55, 3.75],
				"rotation": [0, 0, 10],
				"cubes": [
					{"origin": [-5.15, 12.55, 2.25], "size": [3, 2, 3], "uv": [105, 88], "inflate": -0.75, "mirror": true}
				]
			},
			{
				"name": "bone40",
				"parent": "bone18",
				"pivot": [-3.35, 13.85, 3.75],
				"rotation": [0, 0, 40],
				"cubes": [
					{"origin": [-5.85, 12.85, 2.25], "size": [4, 2, 3], "uv": [105, 88], "inflate": -0.85, "mirror": true}
				]
			},
			{
				"name": "body",
				"pivot": [0, 0, 0],
				"cubes": [
					{"origin": [-3.5, 10, -1.5], "size": [7, 10, 3], "uv": [108, 34]},
					{"origin": [-6.5, 11.5, -4.5], "size": [13, 8, 9], "uv": [41, 9], "inflate": -2.9},
					{"origin": [-7, 8.4, -5], "size": [14, 9, 10], "uv": [80, 47], "inflate": -3},
					{"origin": [-7.5, 5.4, -5.5], "size": [15, 9, 11], "uv": [76, 67], "inflate": -3},
					{"origin": [-7, 5.9, -5], "size": [14, 8, 10], "uv": [0, 60], "inflate": -2.7},
					{"origin": [-8, 6.95, -3], "size": [16, 12, 6], "uv": [27, 109], "inflate": -5.025}
				]
			},
			{
				"name": "bone35",
				"parent": "body",
				"pivot": [0, 12.35, -2.2],
				"rotation": [-15, 0, 0],
				"cubes": [
					{"origin": [-5.5, 7.15574, -6.38619], "size": [11, 11, 9], "uv": [0, 19], "inflate": -4.2}
				]
			},
			{
				"name": "bone38",
				"parent": "body",
				"pivot": [0, 17.55, -2.2],
				"rotation": [-30, 0, 0],
				"cubes": [
					{"origin": [-6.5, 11.06595, -6.1595], "size": [13, 13, 8], "uv": [0, 39], "inflate": -4}
				]
			},
			{
				"name": "bone33",
				"parent": "body",
				"pivot": [-4.5, 9.8, 0],
				"cubes": [
					{"origin": [-1.5, 10.25, -0.95], "size": [7, 7, 6], "uv": [0, 100], "inflate": -3},
					{"origin": [-5.5, 10.25, -0.95], "size": [7, 7, 6], "uv": [0, 100], "inflate": -3, "mirror": true},
					{"origin": [-5.5, 10.25, -5.05], "size": [7, 7, 6], "uv": [0, 100], "inflate": -3, "mirror": true},
					{"origin": [-1.5, 10.25, -5.05], "size": [7, 7, 6], "uv": [0, 100], "inflate": -3}
				]
			},
			{
				"name": "bone34",
				"parent": "body",
				"pivot": [-4.5, 8.15, 0.05],
				"cubes": [
					{"origin": [-1.35, 8.2, -0.95], "size": [7, 7, 6], "uv": [0, 87], "inflate": -3},
					{"origin": [-5.65, 8.2, -0.95], "size": [7, 7, 6], "uv": [0, 87], "inflate": -3, "mirror": true},
					{"origin": [-1.1, 7.5, -0.45], "size": [7, 7, 6], "uv": [0, 87], "inflate": -3},
					{"origin": [-5.9, 7.5, -0.45], "size": [7, 7, 6], "uv": [0, 87], "inflate": -3, "mirror": true}
				]
			},
			{
				"name": "bone29",
				"parent": "body",
				"pivot": [0, 0, 0]
			},
			{
				"name": "bone27",
				"parent": "bone29",
				"pivot": [4.5, 9.9, 0],
				"rotation": [0, -20, 0],
				"cubes": [
					{"origin": [1.5, 6.4, -3.5], "size": [6, 7, 7], "uv": [0, 114], "inflate": -3}
				]
			},
			{
				"name": "bone28",
				"parent": "bone29",
				"pivot": [4.5, 9.9, 0],
				"rotation": [0, 20, 0],
				"cubes": [
					{"origin": [1.5, 6.4, -3.5], "size": [6, 7, 7], "uv": [0, 114], "inflate": -3}
				]
			},
			{
				"name": "bone30",
				"parent": "body",
				"pivot": [0, 0, 0]
			},
			{
				"name": "bone31",
				"parent": "bone30",
				"pivot": [-4.5, 9.9, 0],
				"rotation": [0, 20, 0],
				"cubes": [
					{"origin": [-7.5, 6.4, -3.5], "size": [6, 7, 7], "uv": [0, 114], "inflate": -3, "mirror": true}
				]
			},
			{
				"name": "bone32",
				"parent": "bone30",
				"pivot": [-4.5, 9.9, 0],
				"rotation": [0, -20, 0],
				"cubes": [
					{"origin": [-7.5, 6.4, -3.5], "size": [6, 7, 7], "uv": [0, 114], "inflate": -3, "mirror": true}
				]
			},
			{
				"name": "bone3",
				"parent": "body",
				"pivot": [0, 17, -1.1],
				"rotation": [-29, 0, 0],
				"cubes": [
					{"origin": [-3.5, 15.03898, -2.73594], "size": [7, 4, 3], "uv": [87, 35], "inflate": -0.5}
				]
			},
			{
				"name": "armLeft",
				"pivot": [4, 18, 0],
				"cubes": [
					{"origin": [3.5, 10, -1.5], "size": [3, 10, 3], "uv": [116, 96]},
					{"origin": [0.5, 13, -4.5], "size": [9, 10, 9], "uv": [92, 109], "inflate": -2.9},
					{"origin": [2.5, 11, -2.5], "size": [5, 2, 5], "uv": [83, 0], "inflate": -0.9},
					{"origin": [2.5, 10.8, -2.5], "size": [5, 2, 5], "uv": [83, 0], "inflate": -0.9}
				]
			},
			{
				"name": "armRight",
				"pivot": [-4, 18, 0],
				"cubes": [
					{"origin": [-6.5, 10, -1.5], "size": [3, 10, 3], "uv": [116, 96], "mirror": true},
					{"origin": [-9.5, 13, -4.5], "size": [9, 10, 9], "uv": [92, 109], "inflate": -2.9, "mirror": true},
					{"origin": [-7.5, 11, -2.5], "size": [5, 2, 5], "uv": [83, 0], "inflate": -0.9, "mirror": true},
					{"origin": [-7.5, 10.8, -2.5], "size": [5, 2, 5], "uv": [83, 0], "inflate": -0.9, "mirror": true}
				]
			},
			{
				"name": "legLeft",
				"pivot": [2, 10, 0],
				"cubes": [
					{"origin": [0.5, 0, -1.5], "size": [3, 10, 3], "uv": [103, 96]},
					{"origin": [0.5, 0, -1.5], "size": [3, 7, 3], "uv": [90, 88], "inflate": 0.05},
					{"origin": [-0.5, -1, -2.5], "size": [5, 4, 5], "uv": [71, 119], "inflate": -0.9}
				]
			},
			{
				"name": "bone7",
				"parent": "legLeft",
				"pivot": [1.5, 0, -1.5],
				"cubes": [
					{"origin": [-0.5, 7.1, -2.5], "size": [5, 2, 5], "uv": [61, 0], "inflate": -0.9},
					{"origin": [-0.5, 6.9, -2.5], "size": [5, 2, 5], "uv": [61, 0], "inflate": -0.9}
				]
			},
			{
				"name": "legRight",
				"pivot": [-2, 10, 0],
				"cubes": [
					{"origin": [-3.5, 0, -1.5], "size": [3, 10, 3], "uv": [103, 96], "mirror": true},
					{"origin": [-3.5, 0, -1.5], "size": [3, 7, 3], "uv": [90, 88], "inflate": 0.05, "mirror": true},
					{"origin": [-4.5, -1, -2.5], "size": [5, 4, 5], "uv": [71, 119], "inflate": -0.9, "mirror": true}
				]
			},
			{
				"name": "backpackPositioningBone",
				"pivot": [0, 19, 0]
			}
		]
	}
}