{
	"format_version": "1.10.0",
	"geometry.model": {
		"texturewidth": 128,
		"textureheight": 128,
		"visible_bounds_width": 2,
		"visible_bounds_height": 2,
		"visible_bounds_offset": [0, 1, 0],
		"bones": [
			{
				"name": "head",
				"pivot": [0, 20, 0],
				"cubes": [
					{"origin": [-4, 20, -4], "size": [8, 8, 8], "uv": [96, 0]},
					{"origin": [-4.5, 18.5, -4.5], "size": [9, 10, 9], "uv": [92, 16]}
				]
			},
			{
				"name": "bone35",
				"parent": "head",
				"pivot": [0, 4, 0],
				"cubes": [
					{"origin": [-1.85, 24.95, -3.05], "size": [9, 9, 0], "uv": [110, 97], "inflate": -2.5},
					{"origin": [1.8, 31.95, -0.5], "size": [1, 1, 1], "uv": [43, 0]},
					{"origin": [2.8, 30.95, -0.5], "size": [1, 1, 1], "uv": [49, 0]},
					{"origin": [0.8, 27.95, -0.5], "size": [3, 5, 1], "uv": [33, 0]}
				]
			},
			{
				"name": "bone36",
				"parent": "head",
				"pivot": [0, 4, 0],
				"cubes": [
					{"origin": [-7.15, 24.95, -3.05], "size": [9, 9, 0], "uv": [110, 97], "inflate": -2.5, "mirror": true},
					{"origin": [-2.8, 31.95, -0.5], "size": [1, 1, 1], "uv": [43, 0], "mirror": true},
					{"origin": [-3.8, 30.95, -0.5], "size": [1, 1, 1], "uv": [49, 0], "mirror": true},
					{"origin": [-3.8, 27.95, -0.5], "size": [3, 5, 1], "uv": [33, 0], "mirror": true}
				]
			},
			{
				"name": "bone20",
				"parent": "head",
				"pivot": [3.25, 24.45, -4.3],
				"rotation": [0, 0, -27],
				"cubes": [
					{"origin": [-2.58457, 18.57843, -8.8], "size": [11, 11, 11], "uv": [48, 24], "inflate": -4.2}
				]
			},
			{
				"name": "bone46",
				"parent": "head",
				"pivot": [3, 24, 0.75],
				"rotation": [0, 0, -35],
				"cubes": [
					{"origin": [0.96123, 19.14202, -3.75], "size": [4, 7, 8], "uv": [49, 7], "inflate": -1}
				]
			},
			{
				"name": "bone47",
				"parent": "head",
				"pivot": [-3, 24, 0.75],
				"rotation": [0, 0, 35],
				"cubes": [
					{"origin": [-4.96123, 19.14202, -3.75], "size": [4, 7, 8], "uv": [49, 7], "inflate": -1, "mirror": true}
				]
			},
			{
				"name": "bone5",
				"parent": "head",
				"pivot": [0, 20, 3.85],
				"rotation": [-10, 180, 0],
				"cubes": [
					{"origin": [-3.5, 17, 3.6], "size": [7, 4, 2], "uv": [0, 0], "inflate": -0.1}
				]
			},
			{
				"name": "bone9",
				"parent": "bone5",
				"pivot": [0, 17, 3.95],
				"rotation": [5, 0, 0],
				"cubes": [
					{"origin": [-3, 15.6, 3.7], "size": [6, 3, 2], "uv": [0, 7], "inflate": -0.2}
				]
			},
			{
				"name": "bone10",
				"parent": "bone9",
				"pivot": [0, 16, 3.95],
				"rotation": [5, 0, 0],
				"cubes": [
					{"origin": [-1.5, 14.3, 3.7], "size": [3, 2, 2], "uv": [0, 13], "inflate": -0.3}
				]
			},
			{
				"name": "bone11",
				"parent": "bone10",
				"pivot": [0, 20, 3.95],
				"cubes": [
					{"origin": [-1, 12.9, 3.7], "size": [2, 2, 2], "uv": [13, 13], "inflate": -0.3},
					{"origin": [-1.5, 13.1, 3.2], "size": [3, 2, 3], "uv": [36, 18], "inflate": -0.7}
				]
			},
			{
				"name": "bone19",
				"parent": "bone11",
				"pivot": [-1.2, 14.1, 4.7],
				"cubes": [
					{"origin": [-1, 13.1, 2.7], "size": [2, 2, 2], "uv": [68, 0], "inflate": -0.5}
				]
			},
			{
				"name": "bone16",
				"parent": "bone19",
				"pivot": [-0.45, 14.2, 3.8],
				"rotation": [-15, -15, 30]
			},
			{
				"name": "bone13",
				"parent": "bone16",
				"pivot": [-0.29855, 14.21051, 4.8],
				"rotation": [0, 0, 40],
				"cubes": [
					{"origin": [-3.79134, 13.24447, 2.8], "size": [4, 2, 2], "uv": [36, 24], "inflate": -0.6}
				]
			},
			{
				"name": "bone18",
				"parent": "bone16",
				"pivot": [-0.29855, 14.21051, 4.8],
				"rotation": [0, 0, -50],
				"cubes": [
					{"origin": [-3.40206, 13.11683, 2.8], "size": [4, 2, 2], "uv": [36, 44], "inflate": -0.6}
				]
			},
			{
				"name": "bone21",
				"parent": "bone16",
				"pivot": [-0.29855, 14.21051, 4.8],
				"rotation": [0, 15, -70],
				"cubes": [
					{"origin": [-3.40206, 13.11683, 2.8], "size": [4, 2, 2], "uv": [78, 8], "inflate": -0.6}
				]
			},
			{
				"name": "bone22",
				"parent": "bone21",
				"pivot": [-2.29855, 13.21051, 4.8],
				"rotation": [0, 0, -25],
				"cubes": [
					{"origin": [-6.60281, 13.20724, 2.8], "size": [5, 2, 2], "uv": [77, 13], "inflate": -0.6},
					{"origin": [-6.45281, 12.70724, 2.3], "size": [3, 3, 3], "uv": [77, 0], "inflate": -1}
				]
			},
			{
				"name": "bone14",
				"parent": "bone16",
				"pivot": [-2.04855, 16.21051, 4.8],
				"rotation": [0, 0, -25],
				"cubes": [
					{"origin": [-5.537, 15.06347, 2.8], "size": [4, 2, 2], "uv": [36, 29], "inflate": -0.6}
				]
			},
			{
				"name": "bone17",
				"parent": "bone16",
				"pivot": [-2.04855, 16.21051, 4.8],
				"rotation": [0, 0, -170],
				"cubes": [
					{"origin": [-3.89504, 18.89119, 2.8], "size": [4, 2, 2], "uv": [36, 39], "inflate": -0.6}
				]
			},
			{
				"name": "bone15",
				"parent": "bone16",
				"pivot": [-2.04855, 16.21051, 4.8],
				"rotation": [0, 0, -100],
				"cubes": [
					{"origin": [-5.9518, 17.66601, 2.8], "size": [4, 2, 2], "uv": [36, 34], "inflate": -0.6}
				]
			},
			{
				"name": "bone23",
				"parent": "bone19",
				"pivot": [0.45, 14.2, 3.8],
				"rotation": [-15, 15, -30]
			},
			{
				"name": "bone24",
				"parent": "bone23",
				"pivot": [0.29855, 14.21051, 4.8],
				"rotation": [0, 0, -40],
				"cubes": [
					{"origin": [-0.20866, 13.24447, 2.8], "size": [4, 2, 2], "uv": [36, 24], "inflate": -0.6, "mirror": true}
				]
			},
			{
				"name": "bone25",
				"parent": "bone23",
				"pivot": [0.29855, 14.21051, 4.8],
				"rotation": [0, 0, 50],
				"cubes": [
					{"origin": [-0.59794, 13.11683, 2.8], "size": [4, 2, 2], "uv": [36, 44], "inflate": -0.6, "mirror": true}
				]
			},
			{
				"name": "bone27",
				"parent": "bone23",
				"pivot": [0.29855, 14.21051, 4.8],
				"rotation": [0, -15, 70],
				"cubes": [
					{"origin": [-0.59794, 13.11683, 2.8], "size": [4, 2, 2], "uv": [78, 8], "inflate": -0.6, "mirror": true}
				]
			},
			{
				"name": "bone28",
				"parent": "bone27",
				"pivot": [2.29855, 13.21051, 4.8],
				"rotation": [0, 0, 25],
				"cubes": [
					{"origin": [1.60281, 13.20724, 2.8], "size": [5, 2, 2], "uv": [77, 13], "inflate": -0.6, "mirror": true},
					{"origin": [3.45281, 12.70724, 2.3], "size": [3, 3, 3], "uv": [77, 0], "inflate": -1, "mirror": true}
				]
			},
			{
				"name": "bone29",
				"parent": "bone23",
				"pivot": [2.04855, 16.21051, 4.8],
				"rotation": [0, 0, 25],
				"cubes": [
					{"origin": [1.537, 15.06347, 2.8], "size": [4, 2, 2], "uv": [36, 29], "inflate": -0.6, "mirror": true}
				]
			},
			{
				"name": "bone30",
				"parent": "bone23",
				"pivot": [2.04855, 16.21051, 4.8],
				"rotation": [0, 0, 170],
				"cubes": [
					{"origin": [-0.10496, 18.89119, 2.8], "size": [4, 2, 2], "uv": [36, 39], "inflate": -0.6, "mirror": true}
				]
			},
			{
				"name": "bone31",
				"parent": "bone23",
				"pivot": [2.04855, 16.21051, 4.8],
				"rotation": [0, 0, 100],
				"cubes": [
					{"origin": [1.9518, 17.66601, 2.8], "size": [4, 2, 2], "uv": [36, 34], "inflate": -0.6, "mirror": true}
				]
			},
			{
				"name": "bone6",
				"parent": "bone11",
				"pivot": [0, 13.6, 4.9],
				"rotation": [-10, 0, 0]
			},
			{
				"name": "tail",
				"parent": "bone6",
				"pivot": [0, 13.9, 5],
				"rotation": [180, 0, 0],
				"cubes": [
					{"origin": [-1.5, 11.7, 3.5], "size": [3, 3, 3], "uv": [112, 38], "inflate": -0.6}
				]
			},
			{
				"name": "bone8",
				"parent": "tail",
				"pivot": [0, 13, 5],
				"rotation": [-20, 0, 0],
				"cubes": [
					{"origin": [-2, 9.2, 3], "size": [4, 5, 4], "uv": [90, 57], "inflate": -0.9}
				]
			},
			{
				"name": "bone12",
				"parent": "tail",
				"pivot": [0, 11, 5],
				"rotation": [-49, 0, 0],
				"cubes": [
					{"origin": [-2, 5.81302, 2.78703], "size": [4, 6, 4], "uv": [90, 46], "inflate": -1.2}
				]
			},
			{
				"name": "bone32",
				"parent": "tail",
				"pivot": [0, 10, 3.75],
				"rotation": [-89, 0, 0],
				"cubes": [
					{"origin": [-1.5, 5.42406, 3.61166], "size": [3, 4, 3], "uv": [92, 38], "inflate": -1}
				]
			},
			{
				"name": "body",
				"pivot": [0, 0, 0],
				"cubes": [
					{"origin": [-3.5, 14, -1.5], "size": [7, 6, 3], "uv": [108, 61], "inflate": 0.1},
					{"origin": [-3.5, 16, -1.5], "size": [7, 4, 3], "uv": [108, 71], "inflate": 0.2},
					{"origin": [-3.5, 10, -1.5], "size": [7, 10, 3], "uv": [76, 67]},
					{"origin": [-6.5, 5.75, -4.5], "size": [13, 9, 9], "uv": [0, 62], "inflate": -2.75},
					{"origin": [-7.5, 4.75, -5.5], "size": [15, 11, 11], "uv": [0, 80], "inflate": -3.7},
					{"origin": [-2.95, 5.35, -6.1], "size": [11, 11, 11], "uv": [0, 39], "inflate": -4.2},
					{"origin": [-3.5, 12, -1.5], "size": [7, 1, 3], "uv": [42, 84], "inflate": 0.15}
				]
			},
			{
				"name": "bone33",
				"parent": "body",
				"pivot": [0, 15.2, 0],
				"rotation": [-35, 0, 0],
				"cubes": [
					{"origin": [-3.5, 14.0511, -3.51036], "size": [7, 4, 3], "uv": [108, 47], "inflate": -0.4},
					{"origin": [-3.5, 14.0511, -3.51036], "size": [7, 4, 3], "uv": [108, 54], "inflate": -0.3},
					{"origin": [-0.5, 14.3011, -3.26036], "size": [1, 3, 0], "uv": [29, 0]}
				]
			},
			{
				"name": "bone34",
				"parent": "bone33",
				"pivot": [0, 14.3011, -3.26036],
				"rotation": [35, 0, 0],
				"cubes": [
					{"origin": [-0.5, 11.3011, -3.26036], "size": [1, 3, 0], "uv": [25, 0]}
				]
			},
			{
				"name": "legLeft",
				"pivot": [2, 10, 0],
				"cubes": [
					{"origin": [0.5, 0, -1.5], "size": [3, 10, 3], "uv": [70, 102]},
					{"origin": [-1.5, -1.95, -3.5], "size": [7, 6, 7], "uv": [0, 102], "inflate": -1.9},
					{"origin": [-3.5, 2.05, -5.5], "size": [11, 10, 11], "uv": [84, 107], "inflate": -3.9},
					{"origin": [-3.5, 2.8, -5.5], "size": [11, 12, 11], "uv": [36, 105], "inflate": -3.8},
					{"origin": [-1.5, -2.15, -3.5], "size": [7, 4, 7], "uv": [0, 117], "inflate": -1.9}
				]
			},
			{
				"name": "legRight",
				"pivot": [-2, 10, 0],
				"cubes": [
					{"origin": [-3.5, 0, -1.5], "size": [3, 10, 3], "uv": [70, 102], "mirror": true},
					{"origin": [-5.5, -1.95, -3.5], "size": [7, 6, 7], "uv": [0, 102], "inflate": -1.9, "mirror": true},
					{"origin": [-7.5, 2.05, -5.5], "size": [11, 10, 11], "uv": [84, 107], "inflate": -3.9, "mirror": true},
					{"origin": [-5.5, -2.15, -3.5], "size": [7, 4, 7], "uv": [0, 117], "inflate": -1.9, "mirror": true}
				]
			},
			{
				"name": "armLeft",
				"pivot": [4, 18, 0],
				"cubes": [
					{"origin": [3.5, 10, -1.5], "size": [3, 10, 3], "uv": [83, 102]},
					{"origin": [1.5, 9, -3.5], "size": [7, 11, 7], "uv": [100, 78], "inflate": -1.9},
					{"origin": [1.5, 9, -3.5], "size": [7, 7, 7], "uv": [45, 67], "inflate": -1.8},
					{"origin": [-0.5, 13.3, -5.5], "size": [11, 7, 11], "uv": [44, 48], "inflate": -3.8}
				]
			},
			{
				"name": "bone38",
				"parent": "armLeft",
				"pivot": [6.75, 16.5, -0.2],
				"rotation": [-23, 0, -35],
				"cubes": [
					{"origin": [2.75, 11.6, -4.2], "size": [8, 9, 8], "uv": [0, 21], "inflate": -3.8}
				]
			},
			{
				"name": "bone39",
				"parent": "armLeft",
				"pivot": [6.75, 16.5, 0.2],
				"rotation": [25, 0, -10],
				"cubes": [
					{"origin": [2.75, 11.4, -3.8], "size": [8, 9, 8], "uv": [0, 21], "inflate": -3.8}
				]
			},
			{
				"name": "bone26",
				"parent": "armLeft",
				"pivot": [7.2, 16.95, -0.45],
				"rotation": [20, 0, 0],
				"cubes": [
					{"origin": [2.7, 12.45, -4.95], "size": [9, 9, 9], "uv": [53, 82], "inflate": -4.05}
				]
			},
			{
				"name": "bone43",
				"parent": "armLeft",
				"pivot": [7, 16.85, 0.45],
				"rotation": [-25, 0, 0],
				"cubes": [
					{"origin": [2.5, 12.35, -4.05], "size": [9, 9, 9], "uv": [53, 82], "inflate": -4.05}
				]
			},
			{
				"name": "armRight",
				"pivot": [-4, 18, 0],
				"cubes": [
					{"origin": [-6.5, 10, -1.5], "size": [3, 10, 3], "uv": [83, 102], "mirror": true},
					{"origin": [-8.5, 9, -3.5], "size": [7, 11, 7], "uv": [100, 78], "inflate": -1.9, "mirror": true},
					{"origin": [-8.5, 9, -3.5], "size": [7, 7, 7], "uv": [45, 67], "inflate": -1.8, "mirror": true},
					{"origin": [-10.5, 13.3, -5.5], "size": [11, 7, 11], "uv": [44, 48], "inflate": -3.8, "mirror": true}
				]
			},
			{
				"name": "bone41",
				"parent": "armRight",
				"pivot": [-6.75, 16.5, -0.2],
				"rotation": [-23, 0, 35],
				"cubes": [
					{"origin": [-10.75, 11.6, -4.2], "size": [8, 9, 8], "uv": [0, 21], "inflate": -3.8, "mirror": true}
				]
			},
			{
				"name": "bone42",
				"parent": "armRight",
				"pivot": [-6.75, 16.5, 0.2],
				"rotation": [25, 0, 10],
				"cubes": [
					{"origin": [-10.75, 11.4, -3.8], "size": [8, 9, 8], "uv": [0, 21], "inflate": -3.8, "mirror": true}
				]
			},
			{
				"name": "bone44",
				"parent": "armRight",
				"pivot": [-7.2, 16.95, -0.45],
				"rotation": [25, 0, 0],
				"cubes": [
					{"origin": [-11.7, 12.45, -4.95], "size": [9, 9, 9], "uv": [53, 82], "inflate": -4.05, "mirror": true}
				]
			},
			{
				"name": "bone45",
				"parent": "armRight",
				"pivot": [-7, 16.85, 0.45],
				"rotation": [-35, 0, 0],
				"cubes": [
					{"origin": [-11.5, 12.35, -4.05], "size": [9, 9, 9], "uv": [53, 82], "inflate": -4.05, "mirror": true}
				]
			},
			{
				"name": "backpackPositioningBone",
				"pivot": [0, 19, 0]
			}
		]
	}
}