{
	"format_version": "1.10.0",
	"geometry.model": {
		"texturewidth": 128,
		"textureheight": 128,
		"visible_bounds_width": 2,
		"visible_bounds_height": 2,
		"visible_bounds_offset": [0, 1, 0],
		"bones": [
			{
				"name": "head",
				"pivot": [0, 20, 0],
				"cubes": [
					{"origin": [-4, 20, -4], "size": [8, 8, 8], "uv": [96, 0]},
					{"origin": [-4.5, 19.5, -4.5], "size": [9, 9, 9], "uv": [92, 16]}
				]
			},
			{
				"name": "hat",
				"parent": "head",
				"pivot": [3.5, 0, -4.5],
				"cubes": [
					{"origin": [-7.5, 16.5, -7.5], "size": [15, 15, 15], "uv": [0, 65], "inflate": -3.4, "mirror": true}
				]
			},
			{
				"name": "bone13",
				"parent": "hat",
				"pivot": [0, 27.1, -0.75],
				"rotation": [20, 0, 0]
			},
			{
				"name": "bone6",
				"parent": "bone13",
				"pivot": [3.35, 28.4, -1.05],
				"rotation": [0, 25, 15],
				"cubes": [
					{"origin": [-4.65, 20.4, -9.05], "size": [16, 16, 16], "uv": [64, 96], "inflate": -5.8},
					{"origin": [-4.65, 20.4, -9.05], "size": [16, 16, 16], "uv": [0, 96], "inflate": -5.7}
				]
			},
			{
				"name": "bone12",
				"parent": "bone13",
				"pivot": [-3.35, 28.4, -1.05],
				"rotation": [0, -25, -15],
				"cubes": [
					{"origin": [-11.35, 20.4, -9.05], "size": [16, 16, 16], "uv": [64, 96], "inflate": -5.8, "mirror": true},
					{"origin": [-11.35, 20.4, -9.05], "size": [16, 16, 16], "uv": [0, 96], "inflate": -5.7, "mirror": true}
				]
			},
			{
				"name": "body",
				"pivot": [0, 0, 0],
				"cubes": [
					{"origin": [-3.5, 10, -2], "size": [7, 10, 4], "uv": [106, 34]}
				]
			},
			{
				"name": "bone4",
				"parent": "body",
				"pivot": [0, 15.35, 1.2],
				"rotation": [-30, 0, 0],
				"cubes": [
					{"origin": [-3, 13.4366, -2.85], "size": [6, 4, 2], "uv": [88, 36]}
				]
			},
			{
				"name": "hujia",
				"parent": "body",
				"pivot": [3.5, 0, -2],
				"cubes": [
					{"origin": [-3.5, 13, -2], "size": [7, 7, 4], "uv": [56, 0], "inflate": 0.1},
					{"origin": [-3.5, 14.5, -2], "size": [7, 0.3, 4], "uv": [56, 13], "inflate": 0.2},
					{"origin": [-3.5, 18.1, -2], "size": [7, 0.3, 4], "uv": [56, 13], "inflate": 0.2}
				]
			},
			{
				"name": "bone9",
				"parent": "hujia",
				"pivot": [0, 15.35, 1.2],
				"rotation": [-30, 0, 0],
				"cubes": [
					{"origin": [-3, 13.4366, -2.85], "size": [6, 4, 2], "uv": [78, 7], "inflate": 0.1}
				]
			},
			{
				"name": "legLeft",
				"pivot": [2, 10, 0],
				"cubes": [
					{"origin": [0.5, 6, -1.5], "size": [3, 4, 3], "uv": [75, 21]},
					{"origin": [2.5, 6.6, -1.5], "size": [1, 2, 3], "uv": [65, 22], "inflate": 0.1},
					{"origin": [-1.5, 2.6, -3.5], "size": [7, 6, 7], "uv": [68, 52], "inflate": -2.2},
					{"origin": [-1.5, -1.8, -3.5], "size": [7, 7, 7], "uv": [68, 68], "inflate": -2.2},
					{"origin": [0.5, 0, -1.7], "size": [3, 1, 2], "uv": [63, 34]},
					{"origin": [0.5, 0, 0.6], "size": [3, 2, 1], "uv": [77, 40]},
					{"origin": [0.5, 1.2, -1.5], "size": [3, 4, 3], "uv": [75, 30]},
					{"origin": [0.5, 4.6, -1.5], "size": [3, 1, 1], "uv": [65, 30], "inflate": 0.1}
				]
			},
			{
				"name": "legRight",
				"pivot": [-2, 10, 0],
				"cubes": [
					{"origin": [-3.5, 6, -1.5], "size": [3, 4, 3], "uv": [75, 21], "mirror": true},
					{"origin": [-3.5, 6.6, -1.5], "size": [1, 2, 3], "uv": [65, 22], "inflate": 0.1, "mirror": true},
					{"origin": [-5.5, 2.6, -3.5], "size": [7, 6, 7], "uv": [68, 52], "inflate": -2.2, "mirror": true},
					{"origin": [-5.5, -1.8, -3.5], "size": [7, 7, 7], "uv": [68, 68], "inflate": -2.2, "mirror": true},
					{"origin": [-3.5, 0, -1.7], "size": [3, 1, 2], "uv": [63, 34], "mirror": true},
					{"origin": [-3.5, 0, 0.6], "size": [3, 2, 1], "uv": [77, 40], "mirror": true},
					{"origin": [-3.5, 1.2, -1.5], "size": [3, 4, 3], "uv": [75, 30], "mirror": true},
					{"origin": [-3.5, 4.6, -1.5], "size": [3, 1, 1], "uv": [65, 30], "inflate": 0.1, "mirror": true}
				]
			},
			{
				"name": "armLeft",
				"pivot": [3.5, 18.5, 0],
				"cubes": [
					{"origin": [3.5, 16, -1.5], "size": [3, 4, 3], "uv": [41, 0]},
					{"origin": [3.5, 10, -1.5], "size": [3, 2, 3], "uv": [41, 18]},
					{"origin": [3.5, 12.5, -1.5], "size": [3, 3, 3], "uv": [41, 10]},
					{"origin": [1.5, 11.2, -3.5], "size": [7, 9, 7], "uv": [100, 51], "inflate": -4.9},
					{"origin": [1.5, 7.6, -3.5], "size": [7, 9, 7], "uv": [100, 69], "inflate": -4.9}
				]
			},
			{
				"name": "chestPlateLeft",
				"parent": "armLeft",
				"pivot": [3.5, 0, -1.5],
				"cubes": [
					{"origin": [3.5, 17, -1.5], "size": [3, 3, 3], "uv": [79, 0], "inflate": 0.1}
				]
			},
			{
				"name": "armRight",
				"pivot": [-3.5, 18.5, 0],
				"cubes": [
					{"origin": [-6.5, 16, -1.5], "size": [3, 4, 3], "uv": [41, 0], "mirror": true},
					{"origin": [-6.5, 10, -1.5], "size": [3, 2, 3], "uv": [41, 18], "mirror": true},
					{"origin": [-6.5, 12.5, -1.5], "size": [3, 3, 3], "uv": [41, 10], "mirror": true},
					{"origin": [-8.5, 11.2, -3.5], "size": [7, 9, 7], "uv": [100, 51], "inflate": -4.9, "mirror": true},
					{"origin": [-8.5, 7.6, -3.5], "size": [7, 9, 7], "uv": [100, 69], "inflate": -4.9, "mirror": true}
				]
			},
			{
				"name": "chestPlateRight",
				"parent": "armRight",
				"pivot": [-3.5, 0, -1.5],
				"cubes": [
					{"origin": [-6.5, 17, -1.5], "size": [3, 3, 3], "uv": [79, 0], "inflate": 0.1, "mirror": true}
				]
			},
			{
				"name": "backpackPositioningBone",
				"pivot": [0, 19, 0]
			}
		]
	}
}