{
	"format_version": "1.10.0",
	"geometry.model": {
		"texturewidth": 128,
		"textureheight": 128,
		"visible_bounds_width": 2,
		"visible_bounds_height": 2,
		"visible_bounds_offset": [0, 1, 0],
		"bones": [
			{
				"name": "head",
				"pivot": [0, 20, 0],
				"cubes": [
					{"origin": [-4, 20, -4], "size": [8, 8, 8], "uv": [0, 0]},
					{"origin": [-4.5, 19.5, -4.5], "size": [9, 9, 9], "uv": [0, 41]}
				]
			},
			{
				"name": "bone28",
				"parent": "head",
				"pivot": [0, 19.5, 4.5],
				"rotation": [10, 0, 0],
				"cubes": [
					{"origin": [-4.5, 13.5, 3.5], "size": [9, 7, 1], "uv": [0, 61]}
				]
			},
			{
				"name": "bone13",
				"parent": "head",
				"pivot": [4.15, 25.5, -4.5],
				"rotation": [0, 0, 20],
				"cubes": [
					{"origin": [-2.85, 20.01, -10.51], "size": [16, 16, 16], "uv": [0, 96], "inflate": -6},
					{"origin": [4, 25.79, -4.61], "size": [0.5, 0.22, 0.22], "uv": [0, 0]}
				]
			},
			{
				"name": "bone14",
				"parent": "bone13",
				"pivot": [4.55, 25.05, -4.45],
				"cubes": [
					{"origin": [3.85, 25.8, -4.6], "size": [0.8, 0.2, 0.2], "uv": [0, 0]}
				]
			},
			{
				"name": "bone15",
				"parent": "bone14",
				"pivot": [4.45, 25.95, -4.45],
				"rotation": [0, 0, -72],
				"cubes": [
					{"origin": [3.61241, 25.57299, -4.6], "size": [0.8, 0.2, 0.2], "uv": [0, 0]}
				]
			},
			{
				"name": "bone24",
				"parent": "bone14",
				"pivot": [4.65, 25.95, -4.45],
				"rotation": [0, 0, -36],
				"cubes": [
					{"origin": [4.47939, 25.74045, -4.6], "size": [0.2, 0.25, 0.2], "uv": [0, 0]}
				]
			},
			{
				"name": "bone12",
				"parent": "bone13",
				"pivot": [4.55, 25.05, -4.45],
				"rotation": [0, 0, 72],
				"cubes": [
					{"origin": [4.44482, 24.88389, -4.6], "size": [0.8, 0.2, 0.2], "uv": [0, 0]}
				]
			},
			{
				"name": "bone16",
				"parent": "bone12",
				"pivot": [4.45, 25.95, -4.45],
				"rotation": [0, 0, -72],
				"cubes": [
					{"origin": [2.92495, 24.72419, -4.6], "size": [0.8, 0.2, 0.2], "uv": [0, 0]}
				]
			},
			{
				"name": "bone17",
				"parent": "bone12",
				"pivot": [4.65, 25.95, -4.45],
				"rotation": [0, 0, -36],
				"cubes": [
					{"origin": [4.42213, 24.64968, -4.6], "size": [0.2, 0.25, 0.2], "uv": [0, 0]}
				]
			},
			{
				"name": "bone18",
				"parent": "bone13",
				"pivot": [4.55, 25.05, -4.45],
				"rotation": [0, 0, 144],
				"cubes": [
					{"origin": [5.4999, 25.16651, -4.6], "size": [0.8, 0.2, 0.2], "uv": [0, 0]}
				]
			},
			{
				"name": "bone19",
				"parent": "bone18",
				"pivot": [4.45, 25.95, -4.45],
				"rotation": [0, 0, -72],
				"cubes": [
					{"origin": [3.51977, 23.80808, -4.6], "size": [0.8, 0.2, 0.2], "uv": [0, 0]}
				]
			},
			{
				"name": "bone20",
				"parent": "bone18",
				"pivot": [4.65, 25.95, -4.45],
				"rotation": [0, 0, -36],
				"cubes": [
					{"origin": [5.44183, 24.25816, -4.6], "size": [0.2, 0.25, 0.2], "uv": [0, 0]}
				]
			},
			{
				"name": "bone21",
				"parent": "bone13",
				"pivot": [4.55, 25.05, -4.45],
				"rotation": [0, 0, -144],
				"cubes": [
					{"origin": [5.55715, 26.25728, -4.6], "size": [0.8, 0.2, 0.2], "uv": [0, 0]}
				]
			},
			{
				"name": "bone22",
				"parent": "bone21",
				"pivot": [4.45, 25.95, -4.45],
				"rotation": [0, 0, -72],
				"cubes": [
					{"origin": [4.57485, 24.0907, -4.6], "size": [0.8, 0.2, 0.2], "uv": [0, 0]}
				]
			},
			{
				"name": "bone23",
				"parent": "bone21",
				"pivot": [4.65, 25.95, -4.45],
				"rotation": [0, 0, -36],
				"cubes": [
					{"origin": [6.12929, 25.10696, -4.6], "size": [0.2, 0.25, 0.2], "uv": [0, 0]}
				]
			},
			{
				"name": "bone25",
				"parent": "bone13",
				"pivot": [4.55, 25.05, -4.45],
				"rotation": [0, 0, -72],
				"cubes": [
					{"origin": [4.53746, 26.6488, -4.6], "size": [0.8, 0.2, 0.2], "uv": [0, 0]}
				]
			},
			{
				"name": "bone26",
				"parent": "bone25",
				"pivot": [4.45, 25.95, -4.45],
				"rotation": [0, 0, -72],
				"cubes": [
					{"origin": [4.6321, 25.18147, -4.6], "size": [0.8, 0.2, 0.2], "uv": [0, 0]}
				]
			},
			{
				"name": "bone27",
				"parent": "bone25",
				"pivot": [4.65, 25.95, -4.45],
				"rotation": [0, 0, -36],
				"cubes": [
					{"origin": [5.53447, 26.02306, -4.6], "size": [0.2, 0.25, 0.2], "uv": [0, 0]}
				]
			},
			{
				"name": "body",
				"pivot": [0, 0, 0],
				"cubes": [
					{"origin": [-3.5, 10, -2], "size": [7, 10, 4], "uv": [0, 16]},
					{"origin": [-4, 8, -2.5], "size": [8, 4, 5], "uv": [0, 30], "inflate": -0.3},
					{"origin": [-1, 11, 1.25], "size": [2, 2, 2], "uv": [0, 43]}
				]
			},
			{
				"name": "bone4",
				"parent": "body",
				"pivot": [1, 16, 0],
				"rotation": [0, 0, -10],
				"cubes": [
					{"origin": [-0.60777, 4.55317, -3], "size": [4, 9, 6], "uv": [22, 16], "inflate": -0.3}
				]
			},
			{
				"name": "bone5",
				"parent": "body",
				"pivot": [-1, 16, 0],
				"rotation": [0, 0, 10],
				"cubes": [
					{"origin": [-3.39223, 4.55317, -3], "size": [4, 9, 6], "uv": [22, 16], "inflate": -0.3, "mirror": true}
				]
			},
			{
				"name": "bone6",
				"parent": "body",
				"pivot": [0, 21, -1],
				"rotation": [-30, 0, 0],
				"cubes": [
					{"origin": [-3, 15.5359, -1], "size": [6, 4, 2], "uv": [24, 0]},
					{"origin": [-3.5, 13.8359, -2.6], "size": [7, 7, 7], "uv": [44, 75], "inflate": -1.5}
				]
			},
			{
				"name": "legLeft",
				"pivot": [1.75, 10, 0],
				"cubes": [
					{"origin": [0.25, 0, -1.5], "size": [3, 10, 3], "uv": [52, 0]},
					{"origin": [-2.75, -3, -4.5], "size": [9, 8, 9], "uv": [92, 25], "inflate": -2.9},
					{"origin": [-2.75, -2.1, -4.5], "size": [9, 7, 9], "uv": [92, 42], "inflate": -2.8},
					{"origin": [-2.55, 1.7, -5.8], "size": [10, 10, 10], "uv": [0, 75], "inflate": -3.7}
				]
			},
			{
				"name": "bone7",
				"parent": "legLeft",
				"pivot": [1.75, 9.25, 0],
				"rotation": [0, 0, -15],
				"cubes": [
					{"origin": [-0.49352, 6.97156, -1.75], "size": [3.5, 0.5, 3.5], "uv": [116, 6]}
				]
			},
			{
				"name": "bone8",
				"parent": "legLeft",
				"pivot": [1.75, 9.25, 0],
				"rotation": [0, 0, 15],
				"cubes": [
					{"origin": [0.59352, 6.97156, -1.65], "size": [3.5, 0.5, 3.3], "uv": [116, 0]}
				]
			},
			{
				"name": "legRight",
				"pivot": [-2, 10, 0],
				"cubes": [
					{"origin": [-6.25, -2.1, -4.5], "size": [9, 7, 9], "uv": [92, 42], "inflate": -2.8, "mirror": true},
					{"origin": [-6.25, -3, -4.5], "size": [9, 8, 9], "uv": [92, 25], "inflate": -2.9, "mirror": true},
					{"origin": [-3.25, 0, -1.5], "size": [3, 10, 3], "uv": [52, 0], "mirror": true}
				]
			},
			{
				"name": "armLeft",
				"pivot": [3.5, 19, 0],
				"rotation": [0, 0, -10],
				"cubes": [
					{"origin": [3.17365, 9.98481, -1.5], "size": [3, 10, 3], "uv": [52, 51]},
					{"origin": [2.67365, 10.53481, -2], "size": [4, 3, 4], "uv": [48, 13], "inflate": -0.4}
				]
			},
			{
				"name": "armRight",
				"pivot": [-3.5, 19, 0],
				"rotation": [0, 0, 10],
				"cubes": [
					{"origin": [-6.17365, 9.98481, -1.5], "size": [3, 10, 3], "uv": [52, 51], "mirror": true},
					{"origin": [-6.67365, 10.53481, -2], "size": [4, 3, 4], "uv": [48, 13], "inflate": -0.4, "mirror": true}
				]
			},
			{
				"name": "backpackPositioningBone",
				"pivot": [0, 19, 0]
			}
		]
	}
}