{
	"format_version": "1.10.0",
	"geometry.model": {
		"texturewidth": 128,
		"textureheight": 128,
		"visible_bounds_width": 2,
		"visible_bounds_height": 2,
		"visible_bounds_offset": [0, 1, 0],
		"bones": [
			{
				"name": "head",
				"pivot": [0, 20, 0],
				"cubes": [
					{"origin": [-4, 20, -4], "size": [8, 8, 8], "uv": [96, 0]},
					{"origin": [-4.5, 19.5, -4.5], "size": [9, 9, 9], "uv": [92, 16]}
				]
			},
			{
				"name": "bone15",
				"parent": "head",
				"pivot": [-3.1, 20, -2.4],
				"rotation": [-15, 0, 0],
				"cubes": [
					{"origin": [-3.6, 16, -2.9], "size": [1, 4, 1], "uv": [102, 43]}
				]
			},
			{
				"name": "bone16",
				"parent": "head",
				"pivot": [3.1, 20, -2.4],
				"rotation": [-15, 0, 0],
				"cubes": [
					{"origin": [2.6, 16, -2.9], "size": [1, 4, 1], "uv": [102, 43], "mirror": true}
				]
			},
			{
				"name": "bone13",
				"parent": "head",
				"pivot": [5, 28.6, -0.8],
				"rotation": [15, -2, -15],
				"cubes": [
					{"origin": [4.5, 25.1, -2.3], "size": [1, 4, 3], "uv": [98, 35]}
				]
			},
			{
				"name": "bone14",
				"parent": "head",
				"pivot": [-5, 28.6, -0.8],
				"rotation": [15, 2, 15],
				"cubes": [
					{"origin": [-5.5, 25.1, -2.3], "size": [1, 4, 3], "uv": [98, 35], "mirror": true}
				]
			},
			{
				"name": "bone12",
				"parent": "head",
				"pivot": [2.2, 26, -3.75],
				"rotation": [0, 0, -15],
				"cubes": [
					{"origin": [-2.14657, 20.52714, -8.25], "size": [9, 9, 9], "uv": [92, 93], "inflate": -3.7}
				]
			},
			{
				"name": "body",
				"pivot": [0, 10, 0],
				"cubes": [
					{"origin": [-3.5, 10, -1.5], "size": [7, 10, 3], "uv": [94, 65]},
					{"origin": [-3.5, 12, -1.5], "size": [7, 8, 3], "uv": [108, 35], "inflate": 0.3},
					{"origin": [-3.5, 16, -1.5], "size": [7, 4, 3], "uv": [91, 56], "inflate": 0.5},
					{"origin": [-3.5, 10, -1.5], "size": [7, 10, 3], "uv": [94, 79], "inflate": 0.1},
					{"origin": [-3.5, 7.8, -1.5], "size": [7, 2, 3], "uv": [52, 98], "inflate": 0.3},
					{"origin": [-4, 9.4, -2], "size": [8, 2, 4], "uv": [104, 47], "inflate": 0.2},
					{"origin": [-4.5, 7, -2.5], "size": [9, 2, 5], "uv": [0, 88], "inflate": 0.2},
					{"origin": [-5.5, 5.5, -3.5], "size": [11, 2, 7], "uv": [0, 96], "inflate": -0.7}
				]
			},
			{
				"name": "bone11",
				"parent": "body",
				"pivot": [0, 17.5, 0],
				"rotation": [-30, 0, 0],
				"cubes": [
					{"origin": [-2.5, 14.7366, -1.90981], "size": [5, 3, 2], "uv": [114, 56], "inflate": -0.1}
				]
			},
			{
				"name": "tail",
				"parent": "body",
				"pivot": [0, 12.4, 1.6],
				"rotation": [-30, 0, 0],
				"cubes": [
					{"origin": [-1, 11.4, 1.1], "size": [2, 2, 3], "uv": [39, 99], "inflate": -0.3}
				]
			},
			{
				"name": "bone6",
				"parent": "tail",
				"pivot": [0, 11.7, 3.8],
				"rotation": [35, 0, 0],
				"cubes": [
					{"origin": [-2, 10.55, 2.8], "size": [4, 4, 5], "uv": [33, 106], "inflate": -1}
				]
			},
			{
				"name": "bone7",
				"parent": "bone6",
				"pivot": [0, 12.4, 6.3],
				"rotation": [51, 0, 0],
				"cubes": [
					{"origin": [-1, 11.4, 5.8], "size": [2, 2, 3], "uv": [39, 99], "inflate": -0.3}
				]
			},
			{
				"name": "bone8",
				"parent": "bone7",
				"pivot": [0, 11.7, 8.5],
				"rotation": [38, 0, 0],
				"cubes": [
					{"origin": [-1, 11.55, 8.2], "size": [2, 2, 3], "uv": [39, 99], "inflate": -0.5}
				]
			},
			{
				"name": "armLeft",
				"pivot": [4, 18, 0],
				"cubes": [
					{"origin": [3.5, 10, -1.5], "size": [3, 10, 3], "uv": [116, 115]},
					{"origin": [3.5, 13.8, -1.5], "size": [3, 5, 3], "uv": [104, 118], "inflate": 0.1},
					{"origin": [1.45, 12.1, -5.5], "size": [10, 11, 11], "uv": [0, 106], "inflate": -4.7},
					{"origin": [1.45, 9.6, -5.5], "size": [10, 11, 11], "uv": [42, 106], "inflate": -4.7}
				]
			},
			{
				"name": "armRight",
				"pivot": [-4, 18, 0],
				"cubes": [
					{"origin": [-6.5, 10, -1.5], "size": [3, 10, 3], "uv": [116, 115], "mirror": true},
					{"origin": [-6.5, 13.8, -1.5], "size": [3, 5, 3], "uv": [104, 118], "inflate": 0.1, "mirror": true},
					{"origin": [-11.45, 12.1, -5.5], "size": [10, 11, 11], "uv": [0, 106], "inflate": -4.7, "mirror": true},
					{"origin": [-11.45, 9.6, -5.5], "size": [10, 11, 11], "uv": [42, 106], "inflate": -4.7, "mirror": true}
				]
			},
			{
				"name": "legLeft",
				"pivot": [2, 10, 0],
				"cubes": [
					{"origin": [0.5, 0, -1.5], "size": [3, 10, 3], "uv": [116, 63]},
					{"origin": [0.5, 0.2, -1.5], "size": [3, 3, 3], "uv": [116, 77], "inflate": 0.1},
					{"origin": [-2.5, -3, -4.5], "size": [9, 7, 9], "uv": [0, 0], "inflate": -2.8}
				]
			},
			{
				"name": "legRight",
				"pivot": [-2, 10, 0],
				"cubes": [
					{"origin": [-3.5, 0, -1.5], "size": [3, 10, 3], "uv": [116, 63], "mirror": true},
					{"origin": [-3.5, 0.5, -1.5], "size": [3, 2, 3], "uv": [116, 77], "inflate": 0.1, "mirror": true},
					{"origin": [-6.5, -3, -4.5], "size": [9, 7, 9], "uv": [0, 0], "inflate": -2.8, "mirror": true}
				]
			},
			{
				"name": "backpackPositioningBone",
				"pivot": [0, 19, 0]
			}
		]
	}
}