{
	"format_version": "1.10.0",
	"geometry.model": {
		"texturewidth": 128,
		"textureheight": 128,
		"visible_bounds_width": 2,
		"visible_bounds_height": 3,
		"visible_bounds_offset": [0, 1.5, 0],
		"bones": [
			{
				"name": "head",
				"pivot": [0, 20, 0],
				"cubes": [
					{"origin": [-4, 20, -4], "size": [8, 8, 8], "uv": [96, 0]},
					{"origin": [-4.5, 19.5, -4.5], "size": [9, 9, 9], "uv": [92, 16]}
				]
			},
			{
				"name": "bone29",
				"parent": "head",
				"pivot": [-3.5, 28.7, 2.35],
				"rotation": [-30, 70, -45]
			},
			{
				"name": "bone30",
				"parent": "bone29",
				"pivot": [-3.5, 28.4, 2.6],
				"rotation": [0, 45, 0],
				"cubes": [
					{"origin": [-10, 26.9, -0.4], "size": [13, 2, 6], "uv": [0, 9], "inflate": -0.55}
				]
			},
			{
				"name": "bone31",
				"parent": "bone30",
				"pivot": [-3.5, 28.4, 2.6],
				"rotation": [0, 45, 0],
				"cubes": [
					{"origin": [-10, 26.9, -0.4], "size": [13, 2, 6], "uv": [0, 9], "inflate": -0.55}
				]
			},
			{
				"name": "bone32",
				"parent": "bone31",
				"pivot": [-3.5, 28.4, 2.6],
				"rotation": [0, 45, 0],
				"cubes": [
					{"origin": [-10, 26.9, -0.4], "size": [13, 2, 6], "uv": [0, 9], "inflate": -0.55}
				]
			},
			{
				"name": "bone33",
				"parent": "bone32",
				"pivot": [-3.5, 28.4, 2.6],
				"rotation": [0, 45, 0],
				"cubes": [
					{"origin": [-10, 26.9, -0.4], "size": [13, 2, 6], "uv": [0, 9], "inflate": -0.55}
				]
			},
			{
				"name": "bone34",
				"parent": "bone29",
				"pivot": [-3.5, 27.7, 2.6],
				"cubes": [
					{"origin": [-6, 28.2, 0.1], "size": [5, 2, 5], "uv": [0, 0]},
					{"origin": [-6.5, 27.8, -0.4], "size": [6, 2, 6], "uv": [78, 63], "inflate": -0.45}
				]
			},
			{
				"name": "bone35",
				"parent": "bone34",
				"pivot": [-3.5, 30.2, 2.8],
				"rotation": [-20, 0, 0],
				"cubes": [
					{"origin": [-5.5, 29.2, 0.8], "size": [4, 3, 4], "uv": [20, 0]}
				]
			},
			{
				"name": "bone36",
				"parent": "bone35",
				"pivot": [-3.5, 32.3, 3],
				"rotation": [-25, 0, 0],
				"cubes": [
					{"origin": [-5, 31.3, 1.5], "size": [3, 3, 3], "uv": [37, 0]}
				]
			},
			{
				"name": "bone37",
				"parent": "bone36",
				"pivot": [-4, 33.9, 3.75],
				"rotation": [-40, 0, 0],
				"cubes": [
					{"origin": [-4.5, 32.62729, 1.92499], "size": [2, 3, 2], "uv": [50, 0]}
				]
			},
			{
				"name": "bone38",
				"parent": "bone37",
				"pivot": [-3.25, 34.37729, 2.17499],
				"rotation": [-40, 0, 0],
				"cubes": [
					{"origin": [-4, 35.23389, 1.47021], "size": [1, 2, 1], "uv": [59, 0]}
				]
			},
			{
				"name": "bone39",
				"parent": "bone38",
				"pivot": [-3.25, 36.77729, 1.87499],
				"rotation": [-45, 0, 0],
				"cubes": [
					{"origin": [-4, 36.63389, 1.17021], "size": [1, 2, 1], "uv": [64, 0], "inflate": -0.2}
				]
			},
			{
				"name": "bone40",
				"parent": "bone39",
				"pivot": [-3.25, 37.97729, 1.37499],
				"rotation": [-69, 0, 0],
				"cubes": [
					{"origin": [-4, 37.83389, 0.67021], "size": [1, 2, 1], "uv": [69, 0], "inflate": -0.3}
				]
			},
			{
				"name": "bone78",
				"parent": "bone29",
				"pivot": [-3.7, 30, -0.65],
				"rotation": [-35, 0, 0],
				"cubes": [
					{"origin": [-8.2, 25.67659, -2.9985], "size": [9, 9, 5], "uv": [69, 73], "inflate": -2.4},
					{"origin": [-7.2, 26.42659, -4.0985], "size": [7, 7, 7], "uv": [39, 73], "inflate": -2.8}
				]
			},
			{
				"name": "bone58",
				"parent": "bone78",
				"pivot": [-3.2, 28.42659, 3.0015]
			},
			{
				"name": "bone59",
				"parent": "bone58",
				"pivot": [-3.7, 31.42659, -0.4985],
				"cubes": [
					{"origin": [-4.2, 31.42659, -0.9985], "size": [1, 1, 1], "uv": [96, 0], "inflate": -0.25},
					{"origin": [-4.2, 27.52659, -0.9985], "size": [1, 2, 1], "uv": [96, 0], "inflate": -0.35}
				]
			},
			{
				"name": "bone61",
				"parent": "bone58",
				"pivot": [-3.7, 31.42659, -0.4985],
				"rotation": [0, 0, 25],
				"cubes": [
					{"origin": [-4.49354, 30.25067, -0.9985], "size": [1, 2, 1], "uv": [96, 0], "inflate": -0.25}
				]
			},
			{
				"name": "bone62",
				"parent": "bone58",
				"pivot": [-3.7, 31.42659, -0.4985],
				"rotation": [0, 0, -25],
				"cubes": [
					{"origin": [-3.90646, 30.25067, -0.9985], "size": [1, 2, 1], "uv": [96, 0], "inflate": -0.25}
				]
			},
			{
				"name": "bone53",
				"parent": "bone78",
				"pivot": [-3.2, 30.42659, 3.0015],
				"rotation": [0, 0, 72]
			},
			{
				"name": "bone54",
				"parent": "bone53",
				"pivot": [-3.7, 31.42659, -0.4985],
				"cubes": [
					{"origin": [-3.46108, 31.23691, -0.9985], "size": [1, 1, 1], "uv": [96, 0], "inflate": -0.25}
				]
			},
			{
				"name": "bone55",
				"parent": "bone53",
				"pivot": [-3.7, 31.42659, -0.4985],
				"rotation": [0, 0, 25],
				"cubes": [
					{"origin": [-3.74368, 30.39104, -0.9985], "size": [1, 2, 1], "uv": [96, 0], "inflate": -0.25}
				]
			},
			{
				"name": "bone56",
				"parent": "bone53",
				"pivot": [-3.7, 31.42659, -0.4985],
				"rotation": [0, 0, -25],
				"cubes": [
					{"origin": [-3.31693, 29.76648, -0.9985], "size": [1, 2, 1], "uv": [96, 0], "inflate": -0.25}
				]
			},
			{
				"name": "bone63",
				"parent": "bone53",
				"pivot": [-3.2, 28.42659, 3.0015],
				"rotation": [0, 0, 72]
			},
			{
				"name": "bone64",
				"parent": "bone63",
				"pivot": [-3.7, 31.42659, -0.4985],
				"cubes": [
					{"origin": [-4.95445, 30.49909, -0.9985], "size": [1, 1, 1], "uv": [96, 0], "inflate": -0.25},
					{"origin": [-4.95445, 26.59909, -0.9985], "size": [1, 2, 1], "uv": [96, 0], "inflate": -0.35}
				]
			},
			{
				"name": "bone66",
				"parent": "bone63",
				"pivot": [-3.7, 31.42659, -0.4985],
				"rotation": [0, 0, 25],
				"cubes": [
					{"origin": [-4.78532, 29.09122, -0.9985], "size": [1, 2, 1], "uv": [96, 0], "inflate": -0.25}
				]
			},
			{
				"name": "bone67",
				"parent": "bone63",
				"pivot": [-3.7, 31.42659, -0.4985],
				"rotation": [0, 0, -25],
				"cubes": [
					{"origin": [-4.9822, 29.72891, -0.9985], "size": [1, 2, 1], "uv": [96, 0], "inflate": -0.25}
				]
			},
			{
				"name": "bone68",
				"parent": "bone78",
				"pivot": [-3.2, 30.42659, 3.0015],
				"rotation": [0, 0, -144]
			},
			{
				"name": "bone69",
				"parent": "bone68",
				"pivot": [-3.7, 31.42659, -0.4985],
				"cubes": [
					{"origin": [-3.53865, 32.46884, -0.9985], "size": [1, 1, 1], "uv": [96, 0], "inflate": -0.25},
					{"origin": [-3.53865, 28.56884, -0.9985], "size": [1, 2, 1], "uv": [96, 0], "inflate": -0.35}
				]
			},
			{
				"name": "bone71",
				"parent": "bone68",
				"pivot": [-3.7, 31.42659, -0.4985],
				"rotation": [0, 0, 25],
				"cubes": [
					{"origin": [-4.33462, 31.47477, -0.9985], "size": [1, 2, 1], "uv": [96, 0], "inflate": -0.25}
				]
			},
			{
				"name": "bone72",
				"parent": "bone68",
				"pivot": [-3.7, 31.42659, -0.4985],
				"rotation": [0, 0, -25],
				"cubes": [
					{"origin": [-2.8666, 30.91577, -0.9985], "size": [1, 2, 1], "uv": [96, 0], "inflate": -0.25}
				]
			},
			{
				"name": "bone73",
				"parent": "bone68",
				"pivot": [-3.2, 28.42659, 3.0015],
				"rotation": [0, 0, 72]
			},
			{
				"name": "bone74",
				"parent": "bone73",
				"pivot": [-3.7, 31.42659, -0.4985],
				"cubes": [
					{"origin": [-6.15005, 30.806, -0.9985], "size": [1, 1, 1], "uv": [96, 0], "inflate": -0.25}
				]
			},
			{
				"name": "bone76",
				"parent": "bone73",
				"pivot": [-3.7, 31.42659, -0.4985],
				"rotation": [0, 0, 25],
				"cubes": [
					{"origin": [-5.99862, 28.86409, -0.9985], "size": [1, 2, 1], "uv": [96, 0], "inflate": -0.25}
				]
			},
			{
				"name": "bone77",
				"parent": "bone73",
				"pivot": [-3.7, 31.42659, -0.4985],
				"rotation": [0, 0, -25],
				"cubes": [
					{"origin": [-5.93608, 30.51235, -0.9985], "size": [1, 2, 1], "uv": [96, 0], "inflate": -0.25}
				]
			},
			{
				"name": "bone26",
				"parent": "head",
				"pivot": [4.75, 27, 3],
				"rotation": [15, -15, -10]
			},
			{
				"name": "bone27",
				"parent": "bone26",
				"pivot": [7, 27, 3.25],
				"rotation": [45, 0, 45],
				"cubes": [
					{"origin": [3, 23, -0.75], "size": [8, 8, 8], "uv": [40, 36], "inflate": -2.3}
				]
			},
			{
				"name": "bone28",
				"parent": "bone27",
				"pivot": [7, 27, 3.25],
				"cubes": [
					{"origin": [2.5, 22.5, -1.25], "size": [9, 9, 9], "uv": [39, 53], "inflate": -2.5}
				]
			},
			{
				"name": "bone20",
				"parent": "bone26",
				"pivot": [4.8, 27, 3.25],
				"rotation": [180, 0, 0],
				"cubes": [
					{"origin": [4.3, 28.42679, -0.12321], "size": [1, 1, 7], "uv": [112, 77], "inflate": -0.2}
				]
			},
			{
				"name": "bone21",
				"parent": "bone20",
				"pivot": [4.8, 29.5, -0.25],
				"rotation": [-30, 0, 0],
				"cubes": [
					{"origin": [4.3, 28.62679, -0.03038], "size": [1, 1, 1], "uv": [112, 77], "inflate": -0.2}
				]
			},
			{
				"name": "bone22",
				"parent": "bone20",
				"pivot": [4.8, 29.5, 6.75],
				"rotation": [-120, 0, 0],
				"cubes": [
					{"origin": [4.3, 29.29282, 7.12321], "size": [1, 1, 7], "uv": [112, 77], "inflate": -0.2}
				]
			},
			{
				"name": "bone23",
				"parent": "bone22",
				"pivot": [4.8, 29.5, 6.75],
				"rotation": [-30, 0, 0],
				"cubes": [
					{"origin": [4.3, 29.5, 6.75], "size": [1, 1, 1], "uv": [112, 77], "inflate": -0.2}
				]
			},
			{
				"name": "bone24",
				"parent": "bone22",
				"pivot": [4.8, 29.5, 6.75],
				"rotation": [-120, 0, 0],
				"cubes": [
					{"origin": [4.3, 35.13538, 2.75], "size": [1, 1, 7], "uv": [112, 77], "inflate": -0.2}
				]
			},
			{
				"name": "bone25",
				"parent": "bone24",
				"pivot": [4.8, 29.5, 6.75],
				"rotation": [-30, 0, 0],
				"cubes": [
					{"origin": [4.3, 32.37321, 0.04141], "size": [1, 1, 1], "uv": [112, 77], "inflate": -0.2}
				]
			},
			{
				"name": "bone14",
				"parent": "bone26",
				"pivot": [5.4, 27, 3.25],
				"cubes": [
					{"origin": [4.9, 28.42679, -0.37679], "size": [1, 1, 7], "uv": [100, 75], "inflate": -0.2}
				]
			},
			{
				"name": "bone15",
				"parent": "bone14",
				"pivot": [5.4, 29.5, -0.25],
				"rotation": [-30, 0, 0],
				"cubes": [
					{"origin": [4.9, 28.5, -0.25], "size": [1, 1, 1], "uv": [100, 75], "inflate": -0.2}
				]
			},
			{
				"name": "bone16",
				"parent": "bone14",
				"pivot": [5.4, 29.5, 6.75],
				"rotation": [-120, 0, 0],
				"cubes": [
					{"origin": [4.9, 29.07321, 7.25], "size": [1, 1, 7], "uv": [100, 75], "inflate": -0.2}
				]
			},
			{
				"name": "bone17",
				"parent": "bone16",
				"pivot": [5.4, 29.5, 6.75],
				"rotation": [-30, 0, 0],
				"cubes": [
					{"origin": [4.9, 29.37321, 6.96962], "size": [1, 1, 1], "uv": [100, 75], "inflate": -0.2}
				]
			},
			{
				"name": "bone18",
				"parent": "bone16",
				"pivot": [5.4, 29.5, 6.75],
				"rotation": [-120, 0, 0],
				"cubes": [
					{"origin": [4.9, 35.355, 2.87679], "size": [1, 1, 7], "uv": [100, 75], "inflate": -0.2}
				]
			},
			{
				"name": "bone19",
				"parent": "bone18",
				"pivot": [5.4, 29.5, 6.75],
				"rotation": [-30, 0, 0],
				"cubes": [
					{"origin": [4.9, 32.62679, 0.04141], "size": [1, 1, 1], "uv": [100, 75], "inflate": -0.2}
				]
			},
			{
				"name": "bone13",
				"parent": "head",
				"pivot": [4, 0, -4],
				"cubes": [
					{"origin": [3, 17, -4], "size": [1, 3, 1], "uv": [47, 124]},
					{"origin": [-4, 17, -4], "size": [1, 3, 1], "uv": [47, 124], "mirror": true}
				]
			},
			{
				"name": "bone8",
				"parent": "head",
				"pivot": [-0.5, 20.4, 4.1],
				"rotation": [20, 0, 0],
				"cubes": [
					{"origin": [-2.5, 13.9, 3.6], "size": [5, 7, 1], "uv": [47, 90]}
				]
			},
			{
				"name": "bone9",
				"parent": "bone8",
				"pivot": [3.5, 17.4, 4.6],
				"rotation": [0, 20, 0],
				"cubes": [
					{"origin": [2.56031, 13.9, 3.25798], "size": [2, 7, 1], "uv": [47, 90]}
				]
			},
			{
				"name": "bone10",
				"parent": "bone9",
				"pivot": [3.56031, 20.9, 3.75798],
				"rotation": [0, 0, -16],
				"cubes": [
					{"origin": [2.56031, 13.9, 3.25798], "size": [2, 7, 1], "uv": [47, 90]}
				]
			},
			{
				"name": "bone11",
				"parent": "bone8",
				"pivot": [-3.5, 17.4, 4.6],
				"rotation": [0, -20, 0],
				"cubes": [
					{"origin": [-4.56031, 13.9, 3.25798], "size": [2, 7, 1], "uv": [47, 90], "mirror": true}
				]
			},
			{
				"name": "bone12",
				"parent": "bone11",
				"pivot": [-3.56031, 20.9, 3.75798],
				"rotation": [0, 0, 16],
				"cubes": [
					{"origin": [-4.56031, 13.9, 3.25798], "size": [2, 7, 1], "uv": [47, 90], "mirror": true}
				]
			},
			{
				"name": "body",
				"pivot": [0, 10, 0],
				"cubes": [
					{"origin": [-6.5, 7, -4.5], "size": [13, 16, 9], "uv": [0, 83], "inflate": -3},
					{"origin": [-6.5, 12, -4.5], "size": [13, 11, 9], "uv": [0, 108], "inflate": -2.9}
				]
			},
			{
				"name": "bone4",
				"parent": "body",
				"pivot": [0, 10.475, 0],
				"cubes": [
					{"origin": [-4, 8.75, -2], "size": [8, 1, 4], "uv": [104, 48], "inflate": 0.35},
					{"origin": [-5, 7.15, -3], "size": [10, 2, 6], "uv": [96, 60], "inflate": -0.5},
					{"origin": [-3.5, 10.25, -1.5], "size": [7, 1, 3], "uv": [108, 42], "inflate": 0.4},
					{"origin": [-4.5, 10.35, -2.5], "size": [9, 3, 5], "uv": [100, 34], "inflate": -0.65}
				]
			},
			{
				"name": "armLeft",
				"pivot": [4, 18, 0],
				"cubes": [
					{"origin": [0.5, 7, -4.5], "size": [9, 16, 9], "uv": [0, 56], "inflate": -3},
					{"origin": [0.5, 7.55, -4.5], "size": [9, 8, 9], "uv": [54, 92], "inflate": -2.9},
					{"origin": [0.6, 13, -4.5], "size": [9, 10, 9], "uv": [0, 36], "inflate": -2.9},
					{"origin": [0.8, 12.3, -4.5], "size": [9, 7, 9], "uv": [0, 19], "inflate": -2.8}
				]
			},
			{
				"name": "armRight",
				"pivot": [-4, 18, 0],
				"cubes": [
					{"origin": [-9.5, 7, -4.5], "size": [9, 16, 9], "uv": [0, 56], "inflate": -3, "mirror": true},
					{"origin": [-9.5, 7.55, -4.5], "size": [9, 8, 9], "uv": [54, 92], "inflate": -2.9, "mirror": true},
					{"origin": [-9.6, 13, -4.5], "size": [9, 10, 9], "uv": [0, 36], "inflate": -2.9, "mirror": true},
					{"origin": [-9.8, 12.3, -4.5], "size": [9, 7, 9], "uv": [0, 19], "inflate": -2.8, "mirror": true}
				]
			},
			{
				"name": "legLeft",
				"pivot": [2, 10, 0],
				"cubes": [
					{"origin": [-2.5, -3, -4.5], "size": [9, 16, 9], "uv": [92, 103], "inflate": -3},
					{"origin": [-2.5, -3, -4.5], "size": [9, 8, 9], "uv": [55, 111], "inflate": -2.95},
					{"origin": [-2.5, 3, -4.5], "size": [9, 7, 9], "uv": [92, 86], "inflate": -2.95},
					{"origin": [-2.5, 1.5, -4.5], "size": [9, 7, 9], "uv": [67, 43], "inflate": -2.95}
				]
			},
			{
				"name": "bone42",
				"parent": "legLeft",
				"pivot": [2, 2, -1.5]
			},
			{
				"name": "bone41",
				"parent": "bone42",
				"pivot": [2, 2, -1.5],
				"rotation": [0, 0, 18],
				"cubes": [
					{"origin": [1.22213, 0.18253, -2], "size": [1, 3, 1], "uv": [47, 112], "inflate": -0.4}
				]
			},
			{
				"name": "bone43",
				"parent": "bone41",
				"pivot": [2, 2, -1.5],
				"rotation": [0, 0, 72],
				"cubes": [
					{"origin": [1.5, 0.5, -2], "size": [1, 3, 1], "uv": [47, 112], "inflate": -0.4}
				]
			},
			{
				"name": "bone44",
				"parent": "bone43",
				"pivot": [2, 2, -1.5],
				"rotation": [0, 0, 72],
				"cubes": [
					{"origin": [1.22213, 0.81747, -2], "size": [1, 3, 1], "uv": [47, 112], "inflate": -0.4}
				]
			},
			{
				"name": "bone45",
				"parent": "bone44",
				"pivot": [2, 2, -1.5],
				"rotation": [0, 0, 72],
				"cubes": [
					{"origin": [0.87253, 0.76886, -2], "size": [1, 3, 1], "uv": [47, 112], "inflate": -0.4}
				]
			},
			{
				"name": "bone46",
				"parent": "bone45",
				"pivot": [2, 2, -1.5],
				"rotation": [0, 0, 72],
				"cubes": [
					{"origin": [0.87253, 0.23114, -2], "size": [1, 3, 1], "uv": [47, 112], "inflate": -0.4}
				]
			},
			{
				"name": "legRight",
				"pivot": [-2, 10, 0],
				"cubes": [
					{"origin": [-6.5, -3, -4.5], "size": [9, 16, 9], "uv": [92, 103], "inflate": -3, "mirror": true},
					{"origin": [-6.5, -3, -4.5], "size": [9, 8, 9], "uv": [55, 111], "inflate": -2.95, "mirror": true},
					{"origin": [-6.5, 1.5, -4.5], "size": [9, 7, 9], "uv": [67, 43], "inflate": -2.95, "mirror": true}
				]
			},
			{
				"name": "bone47",
				"parent": "legRight",
				"pivot": [-2, 2, -1.5]
			},
			{
				"name": "bone48",
				"parent": "bone47",
				"pivot": [-2, 2, -1.5],
				"rotation": [0, 0, -18],
				"cubes": [
					{"origin": [-2.22213, 0.18253, -2], "size": [1, 3, 1], "uv": [47, 112], "inflate": -0.4, "mirror": true}
				]
			},
			{
				"name": "bone49",
				"parent": "bone48",
				"pivot": [-2, 2, -1.5],
				"rotation": [0, 0, -72],
				"cubes": [
					{"origin": [-2.5, 0.5, -2], "size": [1, 3, 1], "uv": [47, 112], "inflate": -0.4, "mirror": true}
				]
			},
			{
				"name": "bone50",
				"parent": "bone49",
				"pivot": [-2, 2, -1.5],
				"rotation": [0, 0, -72],
				"cubes": [
					{"origin": [-2.22213, 0.81747, -2], "size": [1, 3, 1], "uv": [47, 112], "inflate": -0.4, "mirror": true}
				]
			},
			{
				"name": "bone51",
				"parent": "bone50",
				"pivot": [-2, 2, -1.5],
				"rotation": [0, 0, -72],
				"cubes": [
					{"origin": [-1.87253, 0.76886, -2], "size": [1, 3, 1], "uv": [47, 112], "inflate": -0.4, "mirror": true}
				]
			},
			{
				"name": "bone52",
				"parent": "bone51",
				"pivot": [-2, 2, -1.5],
				"rotation": [0, 0, -72],
				"cubes": [
					{"origin": [-1.87253, 0.23114, -2], "size": [1, 3, 1], "uv": [47, 112], "inflate": -0.4, "mirror": true}
				]
			},
			{
				"name": "backpackPositioningBone",
				"pivot": [0, 19, 0]
			}
		]
	}
}