{
	"credit": "Made with Blockbench, by radzo73",
	"parent": "minecraft:block/block",
	"textures": {
		"particle": "projecte:block/dark_matter_block",
		"pedestal": "projecte:block/dm_pedestal"
	},
	"elements": [
		{
			"from": [3, 0, 3],
			"to": [13, 2, 13],
			"faces": {
				"north": {"uv": [0, 12, 10, 14], "texture": "#pedestal"},
				"east": {"uv": [0, 12, 10, 14], "texture": "#pedestal"},
				"south": {"uv": [0, 12, 10, 14], "texture": "#pedestal"},
				"west": {"uv": [0, 12, 10, 14], "texture": "#pedestal"},
				"up": {"uv": [0, 0, 10, 10], "texture": "#pedestal"},
				"down": {"uv": [0, 0, 10, 10], "texture": "#pedestal", "cullface": "down"}
			}
		},
		{
			"from": [6, 2, 6],
			"to": [10, 9, 10],
			"faces": {
				"north": {"uv": [16, 0, 12, 7], "texture": "#pedestal"},
				"east": {"uv": [16, 0, 12, 7], "texture": "#pedestal"},
				"south": {"uv": [16, 0, 12, 7], "texture": "#pedestal"},
				"west": {"uv": [16, 0, 12, 7], "texture": "#pedestal"}
			}
		},
		{
			"from": [5, 9, 5],
			"to": [11, 10, 11],
			"faces": {
				"north": {"uv": [10, 10, 16, 11], "texture": "#pedestal"},
				"east": {"uv": [10, 10, 16, 11], "texture": "#pedestal"},
				"south": {"uv": [10, 10, 16, 11], "texture": "#pedestal"},
				"west": {"uv": [10, 10, 16, 11], "texture": "#pedestal"},
				"up": {"uv": [10, 10, 16, 16], "texture": "#pedestal"},
				"down": {"uv": [10, 10, 16, 16], "texture": "#pedestal"}
			}
		}
	]
}