{"providers":[{"file":"twitchintegration:font/b1979-revolution_11.png","ascent":7,"type":"bitmap","chars":["\u0001"]},{"file":"twitchintegration:font/b60-seconds_11.png","ascent":7,"type":"bitmap","chars":["\u0002"]},{"file":"twitchintegration:font/b60-seconds_21.png","ascent":7,"type":"bitmap","chars":["\u0003"]},{"file":"twitchintegration:font/b60-seconds_31.png","ascent":7,"type":"bitmap","chars":["\u0004"]},{"file":"twitchintegration:font/bh1z1_11.png","ascent":7,"type":"bitmap","chars":["\u0005"]},{"file":"twitchintegration:font/badmin1.png","ascent":7,"type":"bitmap","chars":["\u0006"]},{"file":"twitchintegration:font/bambassador1.png","ascent":7,"type":"bitmap","chars":["\u0007"]},{"file":"twitchintegration:font/banomaly-2_11.png","ascent":7,"type":"bitmap","chars":["\b"]},{"file":"twitchintegration:font/banomaly-warzone-earth_11.png","ascent":7,"type":"bitmap","chars":["\t"]},{"file":"twitchintegration:font/banonymous-cheerer1.png","ascent":7,"type":"bitmap","chars":["\n"]},{"file":"twitchintegration:font/bartist-badge1.png","ascent":7,"type":"bitmap","chars":["\u000b"]},{"file":"twitchintegration:font/baxiom-verge_11.png","ascent":7,"type":"bitmap","chars":["\f"]},{"file":"twitchintegration:font/bbattlechefbrigade_11.png","ascent":7,"type":"bitmap","chars":["\r"]},{"file":"twitchintegration:font/bbattlechefbrigade_21.png","ascent":7,"type":"bitmap","chars":["\u000e"]},{"file":"twitchintegration:font/bbattlechefbrigade_31.png","ascent":7,"type":"bitmap","chars":["\u000f"]},{"file":"twitchintegration:font/bbattlerite_11.png","ascent":7,"type":"bitmap","chars":["\u0010"]},{"file":"twitchintegration:font/bbits1.png","ascent":7,"type":"bitmap","chars":["\u0011"]},{"file":"twitchintegration:font/bbits100.png","ascent":7,"type":"bitmap","chars":["\u0012"]},{"file":"twitchintegration:font/bbits1000.png","ascent":7,"type":"bitmap","chars":["\u0013"]},{"file":"twitchintegration:font/bbits10000.png","ascent":7,"type":"bitmap","chars":["\u0014"]},{"file":"twitchintegration:font/bbits100000.png","ascent":7,"type":"bitmap","chars":["\u0015"]},{"file":"twitchintegration:font/bbits1000000.png","ascent":7,"type":"bitmap","chars":["\u0016"]},{"file":"twitchintegration:font/bbits1250000.png","ascent":7,"type":"bitmap","chars":["\u0017"]},{"file":"twitchintegration:font/bbits1500000.png","ascent":7,"type":"bitmap","chars":["\u0018"]},{"file":"twitchintegration:font/bbits1750000.png","ascent":7,"type":"bitmap","chars":["\u0019"]},{"file":"twitchintegration:font/bbits200000.png","ascent":7,"type":"bitmap","chars":["\u001a"]},{"file":"twitchintegration:font/bbits2000000.png","ascent":7,"type":"bitmap","chars":["\u001b"]},{"file":"twitchintegration:font/bbits25000.png","ascent":7,"type":"bitmap","chars":["\u001c"]},{"file":"twitchintegration:font/bbits2500000.png","ascent":7,"type":"bitmap","chars":["\u001d"]},{"file":"twitchintegration:font/bbits300000.png","ascent":7,"type":"bitmap","chars":["\u001e"]},{"file":"twitchintegration:font/bbits3000000.png","ascent":7,"type":"bitmap","chars":["\u001f"]},{"file":"twitchintegration:font/bbits3500000.png","ascent":7,"type":"bitmap","chars":[" "]},{"file":"twitchintegration:font/bbits400000.png","ascent":7,"type":"bitmap","chars":["!"]},{"file":"twitchintegration:font/bbits4000000.png","ascent":7,"type":"bitmap","chars":["\""]},{"file":"twitchintegration:font/bbits4500000.png","ascent":7,"type":"bitmap","chars":["#"]},{"file":"twitchintegration:font/bbits5000.png","ascent":7,"type":"bitmap","chars":["$"]},{"file":"twitchintegration:font/bbits50000.png","ascent":7,"type":"bitmap","chars":["%"]},{"file":"twitchintegration:font/bbits500000.png","ascent":7,"type":"bitmap","chars":["&"]},{"file":"twitchintegration:font/bbits5000000.png","ascent":7,"type":"bitmap","chars":["'"]},{"file":"twitchintegration:font/bbits600000.png","ascent":7,"type":"bitmap","chars":["("]},{"file":"twitchintegration:font/bbits700000.png","ascent":7,"type":"bitmap","chars":[")"]},{"file":"twitchintegration:font/bbits75000.png","ascent":7,"type":"bitmap","chars":["*"]},{"file":"twitchintegration:font/bbits800000.png","ascent":7,"type":"bitmap","chars":["+"]},{"file":"twitchintegration:font/bbits900000.png","ascent":7,"type":"bitmap","chars":[","]},{"file":"twitchintegration:font/bbits-charity1.png","ascent":7,"type":"bitmap","chars":["-"]},{"file":"twitchintegration:font/bbits-leader1.png","ascent":7,"type":"bitmap","chars":["."]},{"file":"twitchintegration:font/bbits-leader2.png","ascent":7,"type":"bitmap","chars":["/"]},{"file":"twitchintegration:font/bbits-leader3.png","ascent":7,"type":"bitmap","chars":["0"]},{"file":"twitchintegration:font/bbrawlhalla_11.png","ascent":7,"type":"bitmap","chars":["1"]},{"file":"twitchintegration:font/bbroadcaster1.png","ascent":7,"type":"bitmap","chars":["2"]},{"file":"twitchintegration:font/bbroken-age_11.png","ascent":7,"type":"bitmap","chars":["3"]},{"file":"twitchintegration:font/bbubsy-the-woolies_11.png","ascent":7,"type":"bitmap","chars":["4"]},{"file":"twitchintegration:font/bchatter-cs-go-20221.png","ascent":7,"type":"bitmap","chars":["5"]},{"file":"twitchintegration:font/bclip-champ1.png","ascent":7,"type":"bitmap","chars":["6"]},{"file":"twitchintegration:font/bcreator-cs-go-20221.png","ascent":7,"type":"bitmap","chars":["7"]},{"file":"twitchintegration:font/bcuphead_11.png","ascent":7,"type":"bitmap","chars":["8"]},{"file":"twitchintegration:font/bdarkest-dungeon_11.png","ascent":7,"type":"bitmap","chars":["9"]},{"file":"twitchintegration:font/bdeceit_11.png","ascent":7,"type":"bitmap","chars":[":"]},{"file":"twitchintegration:font/bdevil-may-cry-hd_11.png","ascent":7,"type":"bitmap","chars":[";"]},{"file":"twitchintegration:font/bdevil-may-cry-hd_21.png","ascent":7,"type":"bitmap","chars":["<"]},{"file":"twitchintegration:font/bdevil-may-cry-hd_31.png","ascent":7,"type":"bitmap","chars":["="]},{"file":"twitchintegration:font/bdevil-may-cry-hd_41.png","ascent":7,"type":"bitmap","chars":[">"]},{"file":"twitchintegration:font/bdevilian_11.png","ascent":7,"type":"bitmap","chars":["?"]},{"file":"twitchintegration:font/bduelyst_11.png","ascent":7,"type":"bitmap","chars":["@"]},{"file":"twitchintegration:font/bduelyst_21.png","ascent":7,"type":"bitmap","chars":["A"]},{"file":"twitchintegration:font/bduelyst_31.png","ascent":7,"type":"bitmap","chars":["B"]},{"file":"twitchintegration:font/bduelyst_41.png","ascent":7,"type":"bitmap","chars":["C"]},{"file":"twitchintegration:font/bduelyst_51.png","ascent":7,"type":"bitmap","chars":["D"]},{"file":"twitchintegration:font/bduelyst_61.png","ascent":7,"type":"bitmap","chars":["E"]},{"file":"twitchintegration:font/bduelyst_71.png","ascent":7,"type":"bitmap","chars":["F"]},{"file":"twitchintegration:font/benter-the-gungeon_11.png","ascent":7,"type":"bitmap","chars":["G"]},{"file":"twitchintegration:font/beso_11.png","ascent":7,"type":"bitmap","chars":["H"]},{"file":"twitchintegration:font/bextension1.png","ascent":7,"type":"bitmap","chars":["I"]},{"file":"twitchintegration:font/bfirewatch_11.png","ascent":7,"type":"bitmap","chars":["J"]},{"file":"twitchintegration:font/bfounder0.png","ascent":7,"type":"bitmap","chars":["K"]},{"file":"twitchintegration:font/bfrozen-cortext_11.png","ascent":7,"type":"bitmap","chars":["L"]},{"file":"twitchintegration:font/bfrozen-synapse_11.png","ascent":7,"type":"bitmap","chars":["M"]},{"file":"twitchintegration:font/bgame-developer1.png","ascent":7,"type":"bitmap","chars":["N"]},{"file":"twitchintegration:font/bgetting-over-it_11.png","ascent":7,"type":"bitmap","chars":["O"]},{"file":"twitchintegration:font/bgetting-over-it_21.png","ascent":7,"type":"bitmap","chars":["P"]},{"file":"twitchintegration:font/bglhf-pledge1.png","ascent":7,"type":"bitmap","chars":["Q"]},{"file":"twitchintegration:font/bglitchcon20201.png","ascent":7,"type":"bitmap","chars":["R"]},{"file":"twitchintegration:font/bglobal_mod1.png","ascent":7,"type":"bitmap","chars":["S"]},{"file":"twitchintegration:font/bheavy-bullets_11.png","ascent":7,"type":"bitmap","chars":["T"]},{"file":"twitchintegration:font/bhello_neighbor_11.png","ascent":7,"type":"bitmap","chars":["U"]},{"file":"twitchintegration:font/bhype-train1.png","ascent":7,"type":"bitmap","chars":["V"]},{"file":"twitchintegration:font/bhype-train2.png","ascent":7,"type":"bitmap","chars":["W"]},{"file":"twitchintegration:font/binnerspace_11.png","ascent":7,"type":"bitmap","chars":["X"]},{"file":"twitchintegration:font/binnerspace_21.png","ascent":7,"type":"bitmap","chars":["Y"]},{"file":"twitchintegration:font/bjackbox-party-pack_11.png","ascent":7,"type":"bitmap","chars":["Z"]},{"file":"twitchintegration:font/bkingdom-new-lands_11.png","ascent":7,"type":"bitmap","chars":["["]},{"file":"twitchintegration:font/bmoderator1.png","ascent":7,"type":"bitmap","chars":["\\"]},{"file":"twitchintegration:font/bmoments1.png","ascent":7,"type":"bitmap","chars":["]"]},{"file":"twitchintegration:font/bmoments10.png","ascent":7,"type":"bitmap","chars":["^"]},{"file":"twitchintegration:font/bmoments11.png","ascent":7,"type":"bitmap","chars":["_"]},{"file":"twitchintegration:font/bmoments12.png","ascent":7,"type":"bitmap","chars":["`"]},{"file":"twitchintegration:font/bmoments13.png","ascent":7,"type":"bitmap","chars":["a"]},{"file":"twitchintegration:font/bmoments14.png","ascent":7,"type":"bitmap","chars":["b"]},{"file":"twitchintegration:font/bmoments15.png","ascent":7,"type":"bitmap","chars":["c"]},{"file":"twitchintegration:font/bmoments16.png","ascent":7,"type":"bitmap","chars":["d"]},{"file":"twitchintegration:font/bmoments17.png","ascent":7,"type":"bitmap","chars":["e"]},{"file":"twitchintegration:font/bmoments18.png","ascent":7,"type":"bitmap","chars":["f"]},{"file":"twitchintegration:font/bmoments19.png","ascent":7,"type":"bitmap","chars":["g"]},{"file":"twitchintegration:font/bmoments2.png","ascent":7,"type":"bitmap","chars":["h"]},{"file":"twitchintegration:font/bmoments20.png","ascent":7,"type":"bitmap","chars":["i"]},{"file":"twitchintegration:font/bmoments3.png","ascent":7,"type":"bitmap","chars":["j"]},{"file":"twitchintegration:font/bmoments4.png","ascent":7,"type":"bitmap","chars":["k"]},{"file":"twitchintegration:font/bmoments5.png","ascent":7,"type":"bitmap","chars":["l"]},{"file":"twitchintegration:font/bmoments6.png","ascent":7,"type":"bitmap","chars":["m"]},{"file":"twitchintegration:font/bmoments7.png","ascent":7,"type":"bitmap","chars":["n"]},{"file":"twitchintegration:font/bmoments8.png","ascent":7,"type":"bitmap","chars":["o"]},{"file":"twitchintegration:font/bmoments9.png","ascent":7,"type":"bitmap","chars":["p"]},{"file":"twitchintegration:font/bno_audio1.png","ascent":7,"type":"bitmap","chars":["q"]},{"file":"twitchintegration:font/bno_video1.png","ascent":7,"type":"bitmap","chars":["r"]},{"file":"twitchintegration:font/bokhlos_11.png","ascent":7,"type":"bitmap","chars":["s"]},{"file":"twitchintegration:font/boverwatch-league-insider_11.png","ascent":7,"type":"bitmap","chars":["t"]},{"file":"twitchintegration:font/boverwatch-league-insider_2018b1.png","ascent":7,"type":"bitmap","chars":["u"]},{"file":"twitchintegration:font/boverwatch-league-insider_2019a1.png","ascent":7,"type":"bitmap","chars":["v"]},{"file":"twitchintegration:font/boverwatch-league-insider_2019a2.png","ascent":7,"type":"bitmap","chars":["w"]},{"file":"twitchintegration:font/boverwatch-league-insider_2019b1.png","ascent":7,"type":"bitmap","chars":["x"]},{"file":"twitchintegration:font/boverwatch-league-insider_2019b2.png","ascent":7,"type":"bitmap","chars":["y"]},{"file":"twitchintegration:font/boverwatch-league-insider_2019b3.png","ascent":7,"type":"bitmap","chars":["z"]},{"file":"twitchintegration:font/boverwatch-league-insider_2019b4.png","ascent":7,"type":"bitmap","chars":["{"]},{"file":"twitchintegration:font/boverwatch-league-insider_2019b5.png","ascent":7,"type":"bitmap","chars":["|"]},{"file":"twitchintegration:font/bpartner1.png","ascent":7,"type":"bitmap","chars":["}"]},{"file":"twitchintegration:font/bpower-rangers0.png","ascent":7,"type":"bitmap","chars":["~"]},{"file":"twitchintegration:font/bpower-rangers1.png","ascent":7,"type":"bitmap","chars":[""]},{"file":"twitchintegration:font/bpower-rangers2.png","ascent":7,"type":"bitmap","chars":["\u0080"]},{"file":"twitchintegration:font/bpower-rangers3.png","ascent":7,"type":"bitmap","chars":["\u0081"]},{"file":"twitchintegration:font/bpower-rangers4.png","ascent":7,"type":"bitmap","chars":["\u0082"]},{"file":"twitchintegration:font/bpower-rangers5.png","ascent":7,"type":"bitmap","chars":["\u0083"]},{"file":"twitchintegration:font/bpower-rangers6.png","ascent":7,"type":"bitmap","chars":["\u0084"]},{"file":"twitchintegration:font/bpredictionsblue-1.png","ascent":7,"type":"bitmap","chars":["\u0085"]},{"file":"twitchintegration:font/bpredictionsblue-10.png","ascent":7,"type":"bitmap","chars":["\u0086"]},{"file":"twitchintegration:font/bpredictionsblue-2.png","ascent":7,"type":"bitmap","chars":["\u0087"]},{"file":"twitchintegration:font/bpredictionsblue-3.png","ascent":7,"type":"bitmap","chars":["\u0088"]},{"file":"twitchintegration:font/bpredictionsblue-4.png","ascent":7,"type":"bitmap","chars":["\u0089"]},{"file":"twitchintegration:font/bpredictionsblue-5.png","ascent":7,"type":"bitmap","chars":["\u008a"]},{"file":"twitchintegration:font/bpredictionsblue-6.png","ascent":7,"type":"bitmap","chars":["\u008b"]},{"file":"twitchintegration:font/bpredictionsblue-7.png","ascent":7,"type":"bitmap","chars":["\u008c"]},{"file":"twitchintegration:font/bpredictionsblue-8.png","ascent":7,"type":"bitmap","chars":["\u008d"]},{"file":"twitchintegration:font/bpredictionsblue-9.png","ascent":7,"type":"bitmap","chars":["\u008e"]},{"file":"twitchintegration:font/bpredictionsgray-1.png","ascent":7,"type":"bitmap","chars":["\u008f"]},{"file":"twitchintegration:font/bpredictionsgray-2.png","ascent":7,"type":"bitmap","chars":["\u0090"]},{"file":"twitchintegration:font/bpredictionspink-1.png","ascent":7,"type":"bitmap","chars":["\u0091"]},{"file":"twitchintegration:font/bpredictionspink-2.png","ascent":7,"type":"bitmap","chars":["\u0092"]},{"file":"twitchintegration:font/bpremium1.png","ascent":7,"type":"bitmap","chars":["\u0093"]},{"file":"twitchintegration:font/braiden-v-directors-cut_11.png","ascent":7,"type":"bitmap","chars":["\u0094"]},{"file":"twitchintegration:font/brift_11.png","ascent":7,"type":"bitmap","chars":["\u0095"]},{"file":"twitchintegration:font/bsamusoffer_beta0.png","ascent":7,"type":"bitmap","chars":["\u0096"]},{"file":"twitchintegration:font/bstaff1.png","ascent":7,"type":"bitmap","chars":["\u0097"]},{"file":"twitchintegration:font/bstarbound_11.png","ascent":7,"type":"bitmap","chars":["\u0098"]},{"file":"twitchintegration:font/bstrafe_11.png","ascent":7,"type":"bitmap","chars":["\u0099"]},{"file":"twitchintegration:font/bsub-gift-leader1.png","ascent":7,"type":"bitmap","chars":["\u009a"]},{"file":"twitchintegration:font/bsub-gift-leader2.png","ascent":7,"type":"bitmap","chars":["\u009b"]},{"file":"twitchintegration:font/bsub-gift-leader3.png","ascent":7,"type":"bitmap","chars":["\u009c"]},{"file":"twitchintegration:font/bsub-gifter1.png","ascent":7,"type":"bitmap","chars":["\u009d"]},{"file":"twitchintegration:font/bsub-gifter10.png","ascent":7,"type":"bitmap","chars":["\u009e"]},{"file":"twitchintegration:font/bsub-gifter100.png","ascent":7,"type":"bitmap","chars":["\u009f"]},{"file":"twitchintegration:font/bsub-gifter1000.png","ascent":7,"type":"bitmap","chars":[" "]},{"file":"twitchintegration:font/bsub-gifter150.png","ascent":7,"type":"bitmap","chars":["¡"]},{"file":"twitchintegration:font/bsub-gifter200.png","ascent":7,"type":"bitmap","chars":["¢"]},{"file":"twitchintegration:font/bsub-gifter2000.png","ascent":7,"type":"bitmap","chars":["£"]},{"file":"twitchintegration:font/bsub-gifter25.png","ascent":7,"type":"bitmap","chars":["¤"]},{"file":"twitchintegration:font/bsub-gifter250.png","ascent":7,"type":"bitmap","chars":["¥"]},{"file":"twitchintegration:font/bsub-gifter300.png","ascent":7,"type":"bitmap","chars":["¦"]},{"file":"twitchintegration:font/bsub-gifter3000.png","ascent":7,"type":"bitmap","chars":["§"]},{"file":"twitchintegration:font/bsub-gifter350.png","ascent":7,"type":"bitmap","chars":["¨"]},{"file":"twitchintegration:font/bsub-gifter400.png","ascent":7,"type":"bitmap","chars":["©"]},{"file":"twitchintegration:font/bsub-gifter4000.png","ascent":7,"type":"bitmap","chars":["ª"]},{"file":"twitchintegration:font/bsub-gifter450.png","ascent":7,"type":"bitmap","chars":["«"]},{"file":"twitchintegration:font/bsub-gifter5.png","ascent":7,"type":"bitmap","chars":["¬"]},{"file":"twitchintegration:font/bsub-gifter50.png","ascent":7,"type":"bitmap","chars":["­"]},{"file":"twitchintegration:font/bsub-gifter500.png","ascent":7,"type":"bitmap","chars":["®"]},{"file":"twitchintegration:font/bsub-gifter5000.png","ascent":7,"type":"bitmap","chars":["¯"]},{"file":"twitchintegration:font/bsub-gifter550.png","ascent":7,"type":"bitmap","chars":["°"]},{"file":"twitchintegration:font/bsub-gifter600.png","ascent":7,"type":"bitmap","chars":["±"]},{"file":"twitchintegration:font/bsub-gifter650.png","ascent":7,"type":"bitmap","chars":["²"]},{"file":"twitchintegration:font/bsub-gifter700.png","ascent":7,"type":"bitmap","chars":["³"]},{"file":"twitchintegration:font/bsub-gifter750.png","ascent":7,"type":"bitmap","chars":["´"]},{"file":"twitchintegration:font/bsub-gifter800.png","ascent":7,"type":"bitmap","chars":["µ"]},{"file":"twitchintegration:font/bsub-gifter850.png","ascent":7,"type":"bitmap","chars":["¶"]},{"file":"twitchintegration:font/bsub-gifter900.png","ascent":7,"type":"bitmap","chars":["·"]},{"file":"twitchintegration:font/bsub-gifter950.png","ascent":7,"type":"bitmap","chars":["¸"]},{"file":"twitchintegration:font/bsubscriber0.png","ascent":7,"type":"bitmap","chars":["¹"]},{"file":"twitchintegration:font/bsubscriber1.png","ascent":7,"type":"bitmap","chars":["º"]},{"file":"twitchintegration:font/bsubscriber2.png","ascent":7,"type":"bitmap","chars":["»"]},{"file":"twitchintegration:font/bsubscriber3.png","ascent":7,"type":"bitmap","chars":["¼"]},{"file":"twitchintegration:font/bsubscriber4.png","ascent":7,"type":"bitmap","chars":["½"]},{"file":"twitchintegration:font/bsubscriber5.png","ascent":7,"type":"bitmap","chars":["¾"]},{"file":"twitchintegration:font/bsubscriber6.png","ascent":7,"type":"bitmap","chars":["¿"]},{"file":"twitchintegration:font/bsuperhot_11.png","ascent":7,"type":"bitmap","chars":["À"]},{"file":"twitchintegration:font/bsuperultracombo-20231.png","ascent":7,"type":"bitmap","chars":["Á"]},{"file":"twitchintegration:font/bthe-surge_11.png","ascent":7,"type":"bitmap","chars":["Â"]},{"file":"twitchintegration:font/bthe-surge_21.png","ascent":7,"type":"bitmap","chars":["Ã"]},{"file":"twitchintegration:font/bthe-surge_31.png","ascent":7,"type":"bitmap","chars":["Ä"]},{"file":"twitchintegration:font/bthis-war-of-mine_11.png","ascent":7,"type":"bitmap","chars":["Å"]},{"file":"twitchintegration:font/btitan-souls_11.png","ascent":7,"type":"bitmap","chars":["Æ"]},{"file":"twitchintegration:font/btreasure-adventure-world_11.png","ascent":7,"type":"bitmap","chars":["Ç"]},{"file":"twitchintegration:font/bturbo1.png","ascent":7,"type":"bitmap","chars":["È"]},{"file":"twitchintegration:font/btwitchbot1.png","ascent":7,"type":"bitmap","chars":["É"]},{"file":"twitchintegration:font/btwitchcon20171.png","ascent":7,"type":"bitmap","chars":["Ê"]},{"file":"twitchintegration:font/btwitchcon20181.png","ascent":7,"type":"bitmap","chars":["Ë"]},{"file":"twitchintegration:font/btwitchconamsterdam20201.png","ascent":7,"type":"bitmap","chars":["Ì"]},{"file":"twitchintegration:font/btwitchconeu20191.png","ascent":7,"type":"bitmap","chars":["Í"]},{"file":"twitchintegration:font/btwitchconeu20221.png","ascent":7,"type":"bitmap","chars":["Î"]},{"file":"twitchintegration:font/btwitchconeu20231.png","ascent":7,"type":"bitmap","chars":["Ï"]},{"file":"twitchintegration:font/btwitchconna20191.png","ascent":7,"type":"bitmap","chars":["Ð"]},{"file":"twitchintegration:font/btwitchconna20201.png","ascent":7,"type":"bitmap","chars":["Ñ"]},{"file":"twitchintegration:font/btwitchconna20221.png","ascent":7,"type":"bitmap","chars":["Ò"]},{"file":"twitchintegration:font/btyranny_11.png","ascent":7,"type":"bitmap","chars":["Ó"]},{"file":"twitchintegration:font/buser-anniversary1.png","ascent":7,"type":"bitmap","chars":["Ô"]},{"file":"twitchintegration:font/bvga-champ-20171.png","ascent":7,"type":"bitmap","chars":["Õ"]},{"file":"twitchintegration:font/bvip1.png","ascent":7,"type":"bitmap","chars":["Ö"]},{"file":"twitchintegration:font/bwarcraftalliance.png","ascent":7,"type":"bitmap","chars":["×"]},{"file":"twitchintegration:font/bwarcrafthorde.png","ascent":7,"type":"bitmap","chars":["Ø"]}]}