{
	"format_version": "1.12.0",
	"minecraft:geometry": [
		{
			"description": {
				"identifier": "geometry.unknown",
				"texture_width": 256,
				"texture_height": 256,
				"visible_bounds_width": 4,
				"visible_bounds_height": 4.5,
				"visible_bounds_offset": [0, 1.75, 0]
			},
			"bones": [
				{
					"name": "MRoot",
					"pivot": [0, 0, 0]
				},
				{
					"name": "Root",
					"parent": "MRoot",
					"pivot": [0, 0, 0]
				},
				{
					"name": "MAllbody",
					"parent": "Root",
					"pivot": [0, 25, 0]
				},
				{
					"name": "AllBody",
					"parent": "MAllbody",
					"pivot": [0, 25, 0]
				},
				{
					"name": "MUpBody",
					"parent": "AllBody",
					"pivot": [0, 19.7, 0]
				},
				{
					"name": "UpBody",
					"parent": "MUpBody",
					"pivot": [0, 19.7, 0],
					"cubes": [
						{"origin": [-3.00113, 18.68289, -2.09], "size": [3.725, 1, 4.17], "pivot": [-2.42613, 21.58289, -0.025], "rotation": [0, 0, 19.75], "uv": [114, 81]},
						{"origin": [-0.5, 17.8, -2.125], "size": [1, 1, 4.225], "uv": [123, 75]},
						{"origin": [-0.72387, 18.68289, -2.09], "size": [3.725, 1, 4.17], "pivot": [2.42613, 21.58289, -0.025], "rotation": [0, 0, -19.75], "uv": [18, 114]},
						{"origin": [2.02613, 18.78289, -2.1], "size": [2, 5, 4.2], "pivot": [3.42613, 21.58289, -0.025], "rotation": [0, 0, -8.5], "uv": [54, 109]},
						{"origin": [-4.02613, 18.78289, -2.1], "size": [2, 5, 4.2], "pivot": [-3.42613, 21.58289, -0.025], "rotation": [0, 0, 8.5], "uv": [29, 108]},
						{"origin": [-2.5, 18.8, -2.125], "size": [5, 5, 4.25], "uv": [42, 86]}
					]
				},
				{
					"name": "MTail",
					"parent": "UpBody",
					"pivot": [0, 21.93221, 1.63069]
				},
				{
					"name": "Tail",
					"parent": "MTail",
					"pivot": [0, 21.93221, 1.63069],
					"rotation": [-32.5, 0, 0],
					"cubes": [
						{"origin": [-3.295, 16.77121, -0.18331], "size": [6.59, 5.64, 7.52], "pivot": [0.005, 16.93221, 8.63069], "rotation": [-12.5, 0, 0], "uv": [45, 64]}
					]
				},
				{
					"name": "Tail2",
					"parent": "Tail",
					"pivot": [0, 19.90742, 6.38986],
					"rotation": [127.5, 0, 0],
					"cubes": [
						{"origin": [-3.29, 6.52812, 0.93445], "size": [6.58, 5.734, 7.99], "pivot": [0, 11.62311, 7.08576], "rotation": [-15, 57.25, 90], "uv": [64, 43]},
						{"origin": [-3.29, 6.52812, 0.93445], "size": [6.58, 5.734, 7.99], "pivot": [0, 11.62311, 7.08576], "rotation": [-15, -57.25, -90], "uv": [26, 59]},
						{"origin": [-3.29, 12.46842, 2.91965], "size": [6.58, 5.64, 6.58], "pivot": [0, 15.00642, 6.28015], "rotation": [-50, 0, 0], "uv": [65, 70]},
						{"origin": [-3.29, 12.30522, 0.28375], "size": [6.58, 5.734, 7.99], "pivot": [3.29, 14.8407, 3.02986], "rotation": [-84.5, 0, 0], "uv": [0, 57]},
						{"origin": [-3.24, 19.58011, 0.81363], "size": [6.48, 7.734, 5.99], "pivot": [0.05, 20.59711, 2.80863], "rotation": [-112, 0, 0], "uv": [73, 23]}
					]
				},
				{
					"name": "Tail3",
					"parent": "Tail2",
					"pivot": [0, 14.33242, 10.56486],
					"cubes": [
						{"origin": [-3.3, 6.30791, 5.97928], "size": [6.58, 5.734, 6.11], "pivot": [0, 11.62311, 7.08576], "rotation": [16.5, 57.25, 90], "uv": [70, 0]},
						{"origin": [-3.28, 6.30791, 5.97928], "size": [6.58, 5.734, 6.11], "pivot": [0, 11.62311, 7.08576], "rotation": [16.5, -57.25, -90], "uv": [0, 69]},
						{"origin": [-3.295, 4.13812, 12.9834], "size": [6.59, 6.204, 2], "pivot": [0.005, 10.20112, 10.6804], "rotation": [-35, 0, 0], "uv": [99, 77]},
						{"origin": [-3.29, 6.60562, 6.8499], "size": [6.58, 5.64, 7.52], "pivot": [0, 10.20112, 10.6804], "rotation": [-62.5, 0, 0], "uv": [54, 28]},
						{"origin": [-3.285, -0.92964, 5.5804], "size": [6.57, 5.734, 5.64], "pivot": [-0.005, 4.33063, 8.26377], "rotation": [157.25, 0, 0], "uv": [45, 76]},
						{"origin": [-3.295, 3.90823, 5.79652], "size": [6.59, 5.734, 6.11], "pivot": [0.005, 7.26289, 6.51514], "rotation": [134.75, 0, 0], "uv": [68, 12]},
						{"origin": [-3.28, 7.35958, -3.03746], "size": [6.56, 5.734, 6.11], "pivot": [-0.01, 13.52658, 0.99254], "rotation": [84.5, 0, 0], "uv": [65, 58]}
					]
				},
				{
					"name": "Tail4",
					"parent": "Tail3",
					"pivot": [0, 5.10742, 12.33986],
					"cubes": [
						{"origin": [-3, 6.00136, 10.75859], "size": [6, 5.6, 7.5], "pivot": [2, 12.85136, 9.80859], "rotation": [-40, 0, 0], "uv": [45, 52]}
					]
				},
				{
					"name": "Tail5",
					"parent": "Tail4",
					"pivot": [0, 4.60742, 13.83986],
					"cubes": [
						{"origin": [-2.5, 2.37564, 12.33871], "size": [5, 4, 4.5], "pivot": [-0.5, 7.37564, 14.28871], "rotation": [-3.5, 0, 0], "uv": [95, 27]}
					]
				},
				{
					"name": "Tail6",
					"parent": "Tail5",
					"pivot": [0, 4.60742, 16.83986],
					"cubes": [
						{"origin": [-2, 3.57125, 16.61096], "size": [4, 3, 3], "pivot": [0, 3.42125, 21.61096], "rotation": [9.5, 0, 0], "uv": [110, 32]}
					]
				},
				{
					"name": "Tail7",
					"parent": "Tail6",
					"pivot": [0, 5.1074, 19.5899],
					"cubes": [
						{"origin": [-1, 4.72593, 19.02034], "size": [2, 2, 2], "pivot": [0, 5.60742, 21.83986], "rotation": [14.5, 0, 0], "uv": [129, 29]}
					]
				},
				{
					"name": "MUpperBody",
					"parent": "UpBody",
					"pivot": [0, 23.9644, 0]
				},
				{
					"name": "UpperBody",
					"parent": "MUpperBody",
					"pivot": [0, 23.9644, 0],
					"cubes": [
						{"origin": [-4, 22.8, -2.5], "size": [8, 3.1, 4.9], "uv": [20, 79]},
						{"origin": [-4.1, 22.6, -2.6], "size": [8.2, 2, 5.1], "uv": [75, 35]},
						{"origin": [-4.1, 25.4, -2.7], "size": [8.2, 0.6, 5.3], "uv": [30, 139]},
						{"origin": [-4.2, 22.575, -2.7], "size": [8.4, 0.6, 5.3], "uv": [12, 139]},
						{"origin": [-2.55, 24.775, -2.25], "size": [5.1, 6, 4.475], "uv": [67, 81]},
						{"origin": [-2.78665, 24.21723, -2.225], "size": [1.1, 6, 4.45], "inflate": -0.005, "pivot": [-4.23665, 27.21723, 0.225], "rotation": [0, 0, -15], "uv": [74, 111]},
						{"origin": [1.68665, 24.21723, -2.225], "size": [1.1, 6, 4.45], "inflate": -0.005, "pivot": [4.23665, 27.21723, 0.225], "rotation": [0, 0, 15], "uv": [12, 108]},
						{"origin": [-0.95, 27.525, -2.875], "size": [5, 1.15, 5], "inflate": -0.35, "pivot": [0, 27.775, 0.125], "rotation": [3.4658, -3.33549, -55.13205], "uv": [90, 49]},
						{"origin": [-0.875, 26.8, -2.725], "size": [5, 1.15, 5], "inflate": -0.35, "pivot": [0, 27.775, 0.125], "rotation": [4.22632, 2.29597, -127.44638], "uv": [90, 21]},
						{"origin": [-0.95, 26.525, -2.875], "size": [5, 1.7, 5], "inflate": -0.35, "pivot": [0, 27.775, 0.125], "rotation": [3.4658, -3.33549, -55.13205], "uv": [83, 70]},
						{"origin": [-2.30097, 26.32822, -2.825], "size": [3, 1.15, 5], "inflate": -0.35, "pivot": [-0.80097, 26.56572, -0.375], "rotation": [3.46518, 3.15265, -54.73935], "uv": [102, 104]},
						{"origin": [-2.30097, 25.32822, -2.825], "size": [3, 1.7, 5], "inflate": -0.35, "pivot": [-0.80097, 26.56572, -0.375], "rotation": [3.46518, 3.15265, -54.73935], "uv": [29, 102]},
						{"origin": [0.48754, 28.92128, -2.325], "size": [3.4, 1.2, 1.1], "pivot": [0.48754, 28.47128, -0.475], "rotation": [-1.24931, 0.02617, -127.00011], "uv": [41, 28]},
						{"origin": [-4.87003, 29.30843, -2.25], "size": [3, 1.2, 4.5], "pivot": [-4.12003, 29.60843, 0], "rotation": [0, 0, 64.75], "uv": [113, 110]},
						{"origin": [1.87003, 29.30843, -2.25], "size": [3, 1.2, 4.5], "pivot": [4.12003, 29.60843, 0], "rotation": [0, 0, -64.75], "uv": [113, 104]},
						{"origin": [1.94503, 29.85843, -2.349], "size": [3.2, 1.325, 4.625], "pivot": [4.12003, 29.60843, 0], "rotation": [0, 0, -79.75], "uv": [113, 91]},
						{"origin": [0.31673, 25.48283, -2.35], "size": [4, 1.325, 4.625], "pivot": [2.74173, 26.32033, 0], "rotation": [0, 0, -92], "uv": [109, 26]},
						{"origin": [-5.14503, 29.85843, -2.349], "size": [3.2, 1.325, 4.625], "pivot": [-4.12003, 29.60843, 0], "rotation": [0, 0, 79.75], "uv": [112, 86]},
						{"origin": [-4.31673, 25.48283, -2.35], "size": [4, 1.325, 4.625], "pivot": [-2.74173, 26.32033, 0], "rotation": [0, 0, 92], "uv": [106, 7]}
					]
				},
				{
					"name": "BackpackLocator",
					"parent": "UpperBody",
					"pivot": [0, 28.9644, 0]
				},
				{
					"name": "LeftWaistLocator",
					"parent": "UpperBody",
					"pivot": [4, 23.9644, 0],
					"rotation": [-20, 0, 0]
				},
				{
					"name": "RightWaistLocator",
					"parent": "UpperBody",
					"pivot": [-4, 23.9644, 0],
					"rotation": [-5, 0, 0]
				},
				{
					"name": "bow",
					"parent": "UpperBody",
					"pivot": [-1.28142, 24.46442, -2.75],
					"cubes": [
						{"origin": [-0.75, 23.69844, -3.275], "size": [1.5, 1.5, 1], "uv": [51, 108]}
					]
				},
				{
					"name": "bowR",
					"parent": "bow",
					"pivot": [-0.76796, 24.37708, -2.77893],
					"cubes": [
						{"origin": [-2.84782, 23.68963, -3.17058], "size": [2.3, 1.2, 1], "pivot": [-0.66796, 24.07708, -2.77893], "rotation": [2.11751, -4.53051, -35.58377], "uv": [83, 62]},
						{"origin": [-3.09251, 23.76074, -3.19938], "size": [2.4, 1.5, 1], "pivot": [-0.76796, 24.37708, -2.77893], "rotation": [0, -5, -10.5], "uv": [44, 79]}
					]
				},
				{
					"name": "bowL",
					"parent": "bow",
					"pivot": [0.76796, 24.17708, -2.77893],
					"cubes": [
						{"origin": [0.68016, 23.73532, -3.212], "size": [2.4, 1.5, 1], "pivot": [0.90065, 24.30309, -2.79769], "rotation": [0, 5, 10.5], "uv": [43, 76]},
						{"origin": [0.62476, 23.65028, -3.17756], "size": [2.3, 1.2, 1], "pivot": [0.76796, 24.17708, -2.77893], "rotation": [2.11751, 4.53051, 35.58377], "uv": [64, 69]}
					]
				},
				{
					"name": "bowL1",
					"parent": "bow",
					"pivot": [0.64835, 24.34341, -2.66806],
					"cubes": [
						{"origin": [0.20004, 21.56692, -2.81341], "size": [1, 2.5, 1], "pivot": [0.64835, 23.64341, -2.66806], "rotation": [-21.88223, -4.08471, -5.25655], "uv": [132, 13]},
						{"origin": [0.19089, 21.70354, -2.70663], "size": [1, 2.5, 1], "pivot": [1.14835, 23.84341, -2.56806], "rotation": [-21.09913, -7.20371, -13.20321], "uv": [132, 9]}
					]
				},
				{
					"name": "bowL2",
					"parent": "bowL1",
					"pivot": [1.04835, 21.64341, -3.26806],
					"cubes": [
						{"origin": [0.42689, 18.73395, -3.56631], "size": [1, 3, 1], "pivot": [1.14835, 21.74341, -3.36806], "rotation": [-21.88223, -4.08471, -5.25655], "uv": [113, 91]},
						{"origin": [0.75453, 18.73931, -3.55081], "size": [1, 3, 1], "pivot": [1.14835, 21.74341, -3.26806], "rotation": [-21.09913, -7.20371, -13.20321], "uv": [110, 12]}
					]
				},
				{
					"name": "bowR1",
					"parent": "bow",
					"pivot": [-0.64835, 24.34341, -2.84306],
					"cubes": [
						{"origin": [-1.33838, 21.40226, -2.90685], "size": [1, 3.5, 1], "pivot": [-0.84835, 23.74341, -2.74306], "rotation": [-18.4536, 11.31542, 9.17364], "uv": [62, 109]},
						{"origin": [-1.20317, 21.44448, -2.95745], "size": [1, 3.4, 1], "pivot": [-0.74835, 23.64341, -2.74306], "rotation": [-19.86021, 8.52131, 1.02311], "uv": [54, 109]}
					]
				},
				{
					"name": "bowR2",
					"parent": "bowR1",
					"pivot": [-1.14835, 21.44341, -3.14306],
					"cubes": [
						{"origin": [-1.33961, 18.6568, -3.67586], "size": [1, 2.9, 1], "pivot": [-0.91055, 21.6168, -3.41005], "rotation": [-19.86021, 8.52131, 1.02311], "uv": [132, 5]},
						{"origin": [-1.79241, 19.46374, -3.65512], "size": [1, 2, 1], "pivot": [-1.34835, 21.44341, -3.14306], "rotation": [-18.4536, 11.31542, 9.17364], "uv": [131, 105]}
					]
				},
				{
					"name": "AllHead",
					"parent": "UpperBody",
					"pivot": [0, 30.7, 0],
					"cubes": [
						{"origin": [-1.5, 30.8, -1.525], "size": [3, 2, 3], "uv": [88, 0]}
					]
				},
				{
					"name": "MHead",
					"parent": "AllHead",
					"pivot": [0, 31.7, 0]
				},
				{
					"name": "Head",
					"parent": "MHead",
					"pivot": [0, 31.7, 0],
					"cubes": [
						{"origin": [-3.5, 31.7, -3.5], "size": [7, 7, 7], "uv": [0, 43]}
					]
				},
				{
					"name": "Mask",
					"parent": "Head",
					"pivot": [6.0531, 36.15785, -0.85291],
					"rotation": [0, -82.5, -7.5],
					"cubes": [
						{"origin": [5.50334, 34.49405, -1.8013], "size": [1.1, 3.3, 1.1], "pivot": [5.50334, 37.79405, -1.2513], "rotation": [-5, 0, 0], "uv": [90, 49]},
						{"origin": [3.83279, 34.46415, -1.23956], "size": [2.2, 3.3, 1.1], "pivot": [4.93279, 37.76415, -0.68956], "rotation": [-5.3191, 19.92066, -1.81693], "uv": [129, 52]},
						{"origin": [3.82338, 35.76215, -1.4496], "size": [1.1, 0.275, 1.1], "pivot": [4.92338, 35.89965, -0.8996], "rotation": [3.97225, 20.22023, 24.82639], "uv": [0, 145]},
						{"origin": [4.78231, 35.59602, -1.51306], "size": [0.55, 0.275, 1.1], "pivot": [5.05731, 35.73352, -0.96306], "rotation": [11.60971, 17.12421, 48.37164], "uv": [0, 145]},
						{"origin": [4.78231, 35.81602, -1.48556], "size": [0.77, 0.275, 1.1], "pivot": [5.05731, 35.95352, -0.93556], "rotation": [11.60971, 17.12421, 48.37164], "uv": [5, 145]},
						{"origin": [3.93338, 35.98215, -1.4221], "size": [0.99, 0.275, 1.1], "pivot": [4.92338, 36.11965, -0.8721], "rotation": [3.97225, 20.22023, 24.82639], "uv": [5, 145]},
						{"origin": [4.01588, 36.44965, -1.4221], "size": [0.715, 0.165, 1.1], "pivot": [4.89588, 36.03715, -0.8721], "rotation": [3.97225, 20.22023, 24.82639], "uv": [8, 140]},
						{"origin": [4.43039, 36.06358, -1.60732], "size": [0.715, 0.165, 1.1], "pivot": [5.31039, 35.65108, -1.05732], "rotation": [8.40224, 18.86669, 38.01627], "uv": [8, 140]},
						{"origin": [3.69148, 36.24575, -1.10249], "size": [0.5225, 0.3575, 1.1], "pivot": [4.13148, 36.46575, -0.55249], "rotation": [13.75252, 15.47524, 55.99529], "uv": [5, 145]},
						{"origin": [6.77437, 35.59602, -1.51306], "size": [0.55, 0.275, 1.1], "pivot": [7.04937, 35.73352, -0.96306], "rotation": [11.60971, -17.12421, -48.37164], "uv": [0, 145], "mirror": true},
						{"origin": [7.18329, 35.76215, -1.4496], "size": [1.1, 0.275, 1.1], "pivot": [7.18329, 35.89965, -0.8996], "rotation": [3.97225, -20.22023, -24.82639], "uv": [0, 145], "mirror": true},
						{"origin": [7.89269, 36.24575, -1.10249], "size": [0.5225, 0.3575, 1.1], "pivot": [7.97519, 36.46575, -0.55249], "rotation": [13.75252, -15.47524, -55.99529], "uv": [5, 145], "mirror": true},
						{"origin": [7.18329, 35.98215, -1.4221], "size": [0.99, 0.275, 1.1], "pivot": [7.18329, 36.11965, -0.8721], "rotation": [3.97225, -20.22023, -24.82639], "uv": [5, 145], "mirror": true},
						{"origin": [6.55437, 35.81602, -1.48556], "size": [0.77, 0.275, 1.1], "pivot": [7.04937, 35.95352, -0.93556], "rotation": [11.60971, -17.12421, -48.37164], "uv": [5, 145], "mirror": true},
						{"origin": [7.37579, 36.44965, -1.4221], "size": [0.715, 0.165, 1.1], "pivot": [7.21079, 36.03715, -0.8721], "rotation": [3.97225, -20.22023, -24.82639], "uv": [8, 140], "mirror": true},
						{"origin": [6.96128, 36.06358, -1.60732], "size": [0.715, 0.165, 1.1], "pivot": [6.79628, 35.65108, -1.05732], "rotation": [8.40224, -18.86669, -38.01627], "uv": [8, 140], "mirror": true},
						{"origin": [5.43699, 36.57902, -1.63243], "size": [0.55, 2.2, 0.825], "pivot": [6.09321, 38.44086, -0.66539], "rotation": [5.22206, 20.68502, -5.22206], "uv": [3, 139]},
						{"origin": [3.70022, 37.39161, -1.41243], "size": [2.2, 1.1, 0.275], "pivot": [6.09321, 38.44086, -0.66539], "rotation": [7.97532, 19.82169, 2.71994], "uv": [6, 138]},
						{"origin": [3.97522, 38.49161, -1.41243], "size": [1.595, 1.1, 0.275], "pivot": [6.09321, 38.44086, -0.66539], "rotation": [7.97532, 19.82169, 2.71994], "uv": [6, 141]},
						{"origin": [4.41522, 39.59161, -1.41243], "size": [0.66, 0.66, 0.275], "pivot": [6.09321, 38.44086, -0.66539], "rotation": [7.97532, 19.82169, 2.71994], "uv": [9, 141]},
						{"origin": [5.52813, 38.79499, -1.60493], "size": [0.55, 2.2, 0.825], "pivot": [6.09321, 38.44086, -0.66539], "rotation": [-0.56425, 21.29884, -21.28182], "uv": [3, 139]},
						{"origin": [3.57694, 37.87107, -1.63243], "size": [0.55, 2.2, 0.825], "pivot": [6.09321, 38.44086, -0.66539], "rotation": [16.29546, 13.91663, 30.82639], "uv": [3, 139]},
						{"origin": [3.52206, 37.5541, -1.60493], "size": [0.55, 1.1, 0.825], "pivot": [6.09321, 38.44086, -0.66539], "rotation": [11.3747, 18.1362, 13.14556], "uv": [1, 139]},
						{"origin": [3.37843, 36.40553, -1.63243], "size": [0.55, 2.2, 0.825], "pivot": [6.09321, 38.44086, -0.66539], "rotation": [3.31961, 21.05766, -10.55857], "uv": [1, 139]},
						{"origin": [6.12514, 36.56923, -1.60515], "size": [0.55, 2.2, 0.825], "pivot": [6.09321, 38.44086, -0.66539], "rotation": [5.22206, -20.68502, 5.22206], "uv": [3, 139]},
						{"origin": [6.03906, 38.76631, -1.57765], "size": [0.55, 2.2, 0.825], "pivot": [6.09321, 38.44086, -0.66539], "rotation": [-0.56425, -21.29884, 21.28182], "uv": [3, 139]},
						{"origin": [7.99301, 37.90567, -1.60515], "size": [0.55, 2.2, 0.825], "pivot": [6.09321, 38.44086, -0.66539], "rotation": [16.29546, -13.91663, -30.82639], "uv": [3, 139]},
						{"origin": [8.04056, 37.56711, -1.57765], "size": [0.55, 1.1, 0.825], "pivot": [6.09321, 38.44086, -0.66539], "rotation": [11.3747, -18.1362, -13.14556], "uv": [1, 139]},
						{"origin": [6.21127, 37.39161, -1.38515], "size": [2.2, 1.1, 0.275], "pivot": [6.09321, 38.44086, -0.66539], "rotation": [7.97532, -19.82169, -2.71994], "uv": [6, 138]},
						{"origin": [6.51377, 38.49161, -1.38515], "size": [1.6225, 1.1, 0.275], "pivot": [6.09321, 38.44086, -0.66539], "rotation": [7.97532, -19.82169, -2.71994], "uv": [6, 141]},
						{"origin": [7.03627, 39.59161, -1.38515], "size": [0.66, 0.66, 0.275], "pivot": [6.09321, 38.44086, -0.66539], "rotation": [7.97532, -19.82169, -2.71994], "uv": [9, 141]},
						{"origin": [8.18483, 36.38931, -1.60515], "size": [0.55, 2.2, 0.825], "pivot": [6.09321, 38.44086, -0.66539], "rotation": [3.31961, -21.05766, 10.55857], "uv": [1, 139]},
						{"origin": [3.47418, 34.33612, -1.07214], "size": [1.1, 3.3, 1.1], "pivot": [4.51918, 37.63612, -0.54964], "rotation": [-2.5651, 20.43716, 6.15536], "uv": [83, 70]},
						{"origin": [6.07389, 34.46415, -1.23956], "size": [2.2, 3.3, 1.1], "pivot": [7.17389, 37.76415, -0.68956], "rotation": [-5.3191, -19.92066, 1.81693], "uv": [129, 52], "mirror": true},
						{"origin": [7.53249, 34.33612, -1.07214], "size": [1.1, 3.3, 1.1], "pivot": [7.58749, 37.63612, -0.54964], "rotation": [-2.5651, -20.43716, -6.15536], "uv": [83, 70], "mirror": true},
						{"origin": [5.44834, 34.99638, -4.00183], "size": [1.21, 2.2, 1.32], "pivot": [5.55834, 34.28138, -3.45183], "rotation": [-77.5, 0, 0], "uv": [90, 102]},
						{"origin": [5.64084, 34.88638, -4.08433], "size": [0.825, 1.1, 0.825], "pivot": [5.36584, 34.28138, -3.45183], "rotation": [-82.5, 0, 0], "uv": [12, 142]},
						{"origin": [3.26998, 33.32449, -1.44984], "size": [3.135, 1.1, 1.1], "pivot": [5.30498, 34.64449, -0.81734], "rotation": [-75.27235, 31.63886, 7.85085], "uv": [25, 136]},
						{"origin": [5.7017, 33.32449, -1.44984], "size": [3.135, 1.1, 1.1], "pivot": [6.8017, 34.64449, -0.81734], "rotation": [-75.27235, -31.63886, -7.85085], "uv": [17, 136]},
						{"origin": [3.63472, 33.81187, -1.24153], "size": [1.1, 0.275, 0.165], "pivot": [3.63472, 34.27937, -0.69153], "rotation": [-75.27235, 31.63886, 7.85085], "uv": [1, 146]},
						{"origin": [3.66222, 33.81187, -0.71903], "size": [1.1, 0.275, 0.165], "pivot": [3.63472, 34.27937, -0.69153], "rotation": [-84.91304, 34.24329, -9.77531], "uv": [1, 146]},
						{"origin": [3.51041, 34.08319, -1.49639], "size": [1.1, 0.275, 0.165], "pivot": [4.14291, 34.63319, -1.00139], "rotation": [-67.27655, 26.78672, 24.13528], "uv": [1, 146]},
						{"origin": [7.49626, 34.08319, -1.49639], "size": [1.1, 0.275, 0.165], "pivot": [7.96376, 34.63319, -1.00139], "rotation": [-67.27655, -26.78672, -24.13528], "uv": [1, 146], "mirror": true},
						{"origin": [7.37196, 33.81187, -1.24153], "size": [1.1, 0.275, 0.165], "pivot": [8.47196, 34.27937, -0.69153], "rotation": [-75.27235, -31.63886, -7.85085], "uv": [1, 146], "mirror": true},
						{"origin": [7.34446, 33.81187, -0.71903], "size": [1.1, 0.275, 0.165], "pivot": [8.47196, 34.27937, -0.69153], "rotation": [-84.91304, -34.24329, 9.77531], "uv": [1, 146], "mirror": true},
						{"origin": [5.50334, 32.41629, -1.05842], "size": [1.1, 2.2, 1.1], "pivot": [5.50334, 31.31629, -0.50842], "rotation": [30, 0, 0], "uv": [20, 80]},
						{"origin": [5.44834, 33.51629, -1.11342], "size": [1.21, 0.275, 1.1], "pivot": [5.50334, 31.31629, -0.50842], "rotation": [30, 0, 0], "uv": [5, 145]},
						{"origin": [3.37906, 32.83055, -1.49198], "size": [3.3, 2.2, 1.1], "pivot": [5.13906, 33.93055, -0.74948], "rotation": [37.0045, 33.82584, 22.76048], "uv": [56, 86]},
						{"origin": [5.93656, 33.60055, -1.54698], "size": [0.275, 0.275, 1.1], "pivot": [5.13906, 33.93055, -0.74948], "rotation": [32.52586, 38.10985, 15.14773], "uv": [5, 145]},
						{"origin": [4.62429, 33.30534, -1.64849], "size": [1.1, 0.275, 1.1], "pivot": [5.33929, 33.55284, -1.09849], "rotation": [15.69891, 46.43949, -9.59009], "uv": [5, 145]},
						{"origin": [4.32271, 33.53385, -1.01426], "size": [0.825, 0.275, 1.1], "pivot": [4.59771, 33.69885, -0.46426], "rotation": [45.37368, 19.19793, 41.22834], "uv": [5, 145]},
						{"origin": [6.95897, 33.53385, -1.01426], "size": [0.825, 0.275, 1.1], "pivot": [7.50897, 33.69885, -0.46426], "rotation": [45.37368, -19.19793, -41.22834], "uv": [5, 145], "mirror": true},
						{"origin": [6.38239, 33.30534, -1.64849], "size": [1.1, 0.275, 1.1], "pivot": [6.76739, 33.55284, -1.09849], "rotation": [15.69891, -46.43949, 9.59009], "uv": [5, 145], "mirror": true},
						{"origin": [5.89511, 33.60055, -1.54698], "size": [0.275, 0.275, 1.1], "pivot": [6.96761, 33.93055, -0.74948], "rotation": [32.52586, -38.10985, -15.14773], "uv": [5, 145], "mirror": true},
						{"origin": [5.42761, 32.83055, -1.49198], "size": [3.3, 2.2, 1.1], "pivot": [6.96761, 33.93055, -0.74948], "rotation": [37.0045, -33.82584, -22.76048], "uv": [66, 40]}
					]
				},
				{
					"name": "Eyes",
					"parent": "Head",
					"pivot": [0, 33.7, 0]
				},
				{
					"name": "EyeBrow",
					"parent": "Eyes",
					"pivot": [0, 34.4, 0]
				},
				{
					"name": "RightEyebrow",
					"parent": "EyeBrow",
					"pivot": [-2.875, 34.55, -3.325],
					"cubes": [
						{"origin": [-4.375, 34.05, -4.025], "size": [1.1, 1, 1], "uv": [41, 108]},
						{"origin": [-3.275, 34.55, -3.825], "size": [2, 1, 1], "uv": [45, 64]}
					]
				},
				{
					"name": "LeftEyebrow",
					"parent": "EyeBrow",
					"pivot": [2.875, 34.55, -3.325],
					"cubes": [
						{"origin": [3.275, 34.05, -4.025], "size": [1.1, 1, 1], "uv": [18, 107]},
						{"origin": [1.275, 34.55, -3.825], "size": [2, 1, 1], "uv": [26, 64]}
					]
				},
				{
					"name": "Eyelid",
					"parent": "Eyes",
					"pivot": [0, 33.5, 0]
				},
				{
					"name": "RightEyelid",
					"parent": "Eyelid",
					"pivot": [-2.5, 32.7, -3.025],
					"cubes": [
						{"origin": [-3.4, 32.7, -3.51], "size": [2, 2, 1], "uv": [110, 18]}
					]
				},
				{
					"name": "RightEyelidBase",
					"parent": "RightEyelid",
					"pivot": [-2.325, 33.7, -3.025],
					"cubes": [
						{"origin": [-2.925, 32.7, -3.55], "size": [1.4, 2, 1], "uv": [96, 125]}
					]
				},
				{
					"name": "RightEyePublic",
					"parent": "RightEyelidBase",
					"pivot": [-2.225, 33.7, -2.86],
					"cubes": [
						{"origin": [-2.8, 32.95, -3.86], "size": [1.15, 1.5, 2], "inflate": -0.3, "uv": [95, 109]}
					]
				},
				{
					"name": "RightEyeDot",
					"parent": "RightEyelidBase",
					"pivot": [-5.95, 15.35, -3.55],
					"cubes": [
						{"origin": [-2.225, 33.8, -3.95], "size": [1.2, 1, 1], "inflate": -0.35, "uv": [105, 52]}
					]
				},
				{
					"name": "LeftEyelid",
					"parent": "Eyelid",
					"pivot": [2.5, 32.7, -3.025],
					"cubes": [
						{"origin": [1.4, 32.7, -3.51], "size": [2, 2, 1], "uv": [33, 99]}
					]
				},
				{
					"name": "LeftEyelidBase",
					"parent": "LeftEyelid",
					"pivot": [2.325, 33.7, -3.025],
					"cubes": [
						{"origin": [1.525, 32.7, -3.55], "size": [1.4, 2, 1], "uv": [52, 124]}
					]
				},
				{
					"name": "LeftEyePublic",
					"parent": "LeftEyelidBase",
					"pivot": [2.225, 33.7, -2.86],
					"cubes": [
						{"origin": [1.65, 32.95, -3.86], "size": [1.15, 1.5, 2], "inflate": -0.3, "uv": [63, 97]}
					]
				},
				{
					"name": "LeftEyeDot",
					"parent": "LeftEyelidBase",
					"pivot": [-1.225, 15.35, -3.55],
					"cubes": [
						{"origin": [2.275, 33.8, -3.95], "size": [1.2, 1, 1], "inflate": -0.35, "uv": [29, 105]}
					]
				},
				{
					"name": "Mouth",
					"parent": "Head",
					"pivot": [0, 32, -2]
				},
				{
					"name": "kongju",
					"parent": "Mouth",
					"pivot": [0.125, 32.2, -2.5125],
					"cubes": [
						{"origin": [-0.175, 32.175, -2.5125], "size": [0.4, 0.15, 0.1], "pivot": [0.125, 32.25, -2.5125], "rotation": [0, 0, -37.5], "uv": [0, 0]},
						{"origin": [-0.425, 32.475, -2.5125], "size": [0.4, 0.15, 0.1], "pivot": [0.15, 32.25, -2.5125], "rotation": [0, 0, -37.5], "uv": [0, 0]},
						{"origin": [-0.175, 31.95, -2.5125], "size": [0.35, 0.15, 0.1], "pivot": [0.125, 32.25, -2.5125], "rotation": [0, 0, 50], "uv": [0, 0]},
						{"origin": [-0.9603, 32.19994, -2.5125], "size": [0.4, 0.15, 0.1], "pivot": [-0.7353, 32.32494, -2.4625], "rotation": [0, 0, -42], "uv": [0, 0]},
						{"origin": [-0.65, 31.975, -2.5125], "size": [0.4, 0.15, 0.1], "pivot": [-0.275, 32.25, -2.5125], "rotation": [0, 0, 50], "uv": [0, 0]},
						{"origin": [0.5603, 32.19994, -2.5125], "size": [0.4, 0.15, 0.1], "pivot": [0.7353, 32.32494, -2.4625], "rotation": [0, 0, 42], "uv": [0, 0]},
						{"origin": [0.25, 31.975, -2.5125], "size": [0.4, 0.15, 0.1], "pivot": [0.275, 32.25, -2.5125], "rotation": [0, 0, -50], "uv": [0, 0]},
						{"origin": [0.025, 32.475, -2.5125], "size": [0.4, 0.15, 0.1], "pivot": [-0.15, 32.25, -2.5125], "rotation": [0, 0, 37.5], "uv": [0, 0]}
					]
				},
				{
					"name": "jingya",
					"parent": "Mouth",
					"pivot": [0.125, 32.7, -2.5125],
					"cubes": [
						{"origin": [-0.175, 32.475, -2.5125], "size": [0.4, 0.35, 0.1], "pivot": [0.125, 32.75, -2.5125], "rotation": [0, 0, -37.5], "uv": [0, 0]},
						{"origin": [-0.425, 32.6, -2.5125], "size": [0.4, 0.525, 0.1], "pivot": [0.15, 32.75, -2.5125], "rotation": [0, 0, -37.5], "uv": [0, 0]},
						{"origin": [-0.175, 32.45, -2.5125], "size": [0.35, 0.15, 0.1], "pivot": [0.125, 32.75, -2.5125], "rotation": [0, 0, 50], "uv": [0, 0]},
						{"origin": [-0.9603, 32.47494, -2.5125], "size": [0.4, 0.375, 0.1], "pivot": [-0.7353, 32.82494, -2.4625], "rotation": [0, 0, -42], "uv": [0, 0]},
						{"origin": [-1.6103, 31.89994, -2.5125], "size": [0.7, 1.075, 0.1], "pivot": [-0.7353, 32.82494, -2.4625], "rotation": [0, 0, -77], "uv": [0, 0]},
						{"origin": [0.9103, 31.84994, -2.5125], "size": [0.7, 1.125, 0.1], "pivot": [0.7353, 32.82494, -2.4625], "rotation": [0, 0, 77], "uv": [0, 0]},
						{"origin": [1.6103, 32.59994, -2.5125], "size": [0.2, 0.375, 0.1], "pivot": [0.7353, 32.82494, -2.4625], "rotation": [0, 0, 77], "uv": [0, 0]},
						{"origin": [1.6103, 32.22494, -2.5125], "size": [0.1, 0.375, 0.1], "pivot": [0.7353, 32.82494, -2.4625], "rotation": [0, 0, 77], "uv": [0, 0]},
						{"origin": [1.6103, 32.12494, -2.5125], "size": [0.1, 0.175, 0.1], "pivot": [0.7353, 32.82494, -2.4625], "rotation": [0, 0, 77], "uv": [0, 0]},
						{"origin": [-1.7103, 32.12494, -2.5125], "size": [0.1, 0.175, 0.1], "pivot": [-0.7353, 32.82494, -2.4625], "rotation": [0, 0, -77], "uv": [0, 0]},
						{"origin": [-1.7353, 32.27494, -2.5125], "size": [0.125, 0.325, 0.1], "pivot": [-0.7353, 32.82494, -2.4625], "rotation": [0, 0, -77], "uv": [0, 0]},
						{"origin": [-1.8103, 32.59994, -2.5125], "size": [0.2, 0.375, 0.1], "pivot": [-0.7353, 32.82494, -2.4625], "rotation": [0, 0, -77], "uv": [0, 0]},
						{"origin": [1.7353, 30.94994, -2.5125], "size": [0.1, 2.25, 0.1], "pivot": [0.7353, 32.82494, -2.4625], "rotation": [0, 0, 89.5], "uv": [0, 0]},
						{"origin": [-0.65, 32.475, -2.5125], "size": [0.4, 0.15, 0.1], "pivot": [-0.275, 32.75, -2.5125], "rotation": [0, 0, 50], "uv": [0, 0]},
						{"origin": [0.5603, 32.49994, -2.5125], "size": [0.4, 0.35, 0.1], "pivot": [0.7353, 32.82494, -2.4625], "rotation": [0, 0, 42], "uv": [0, 0]},
						{"origin": [0.25, 32.475, -2.5125], "size": [0.4, 0.15, 0.1], "pivot": [0.275, 32.75, -2.5125], "rotation": [0, 0, -50], "uv": [0, 0]},
						{"origin": [0.025, 32.75, -2.5125], "size": [0.4, 0.375, 0.1], "pivot": [-0.15, 32.75, -2.5125], "rotation": [0, 0, 37.5], "uv": [0, 0]}
					]
				},
				{
					"name": "xiao",
					"parent": "Mouth",
					"pivot": [0, 32.125, -2.5125],
					"cubes": [
						{"origin": [-0.9, 32.425, -2.5125], "size": [1.8, 0.1, 0.1], "uv": [0, 0]},
						{"origin": [-0.6, 31.8, -2.5125], "size": [1.2, 0.75, 0.1], "uv": [0, 0]}
					]
				},
				{
					"name": "bone23",
					"parent": "xiao",
					"pivot": [0.375, 32.7, -2.5125],
					"rotation": [0, 0, 8.25],
					"cubes": [
						{"origin": [-0.00695, 32.4531, -2.5125], "size": [0.925, 0.15, 0.1], "uv": [0, 0]}
					]
				},
				{
					"name": "bone24",
					"parent": "xiao",
					"pivot": [-0.375, 32.7, -2.5125],
					"rotation": [0, 0, -8.25],
					"cubes": [
						{"origin": [-0.91805, 32.4531, -2.5125], "size": [0.9, 0.15, 0.1], "uv": [0, 0]}
					]
				},
				{
					"name": "bone17",
					"parent": "xiao",
					"pivot": [-0.65, 32.375, -2.5125],
					"rotation": [0, 0, 65],
					"cubes": [
						{"origin": [-0.775, 32.175, -2.5125], "size": [0.675, 0.4, 0.1], "uv": [0, 0]}
					]
				},
				{
					"name": "bone18",
					"parent": "xiao",
					"pivot": [0.65, 32.375, -2.5125],
					"rotation": [0, 0, -65],
					"cubes": [
						{"origin": [0.1, 32.175, -2.5125], "size": [0.675, 0.4, 0.1], "uv": [0, 0]}
					]
				},
				{
					"name": "weixiao",
					"parent": "Mouth",
					"pivot": [0, 32.2, -2.5125],
					"cubes": [
						{"origin": [-0.0625, 32.03912, -2.5125], "size": [0.125, 0.125, 0.1], "uv": [0, 0]},
						{"origin": [-0.25173, 32.06738, -2.5125], "size": [0.25, 0.125, 0.1], "pivot": [-0.07673, 32.14238, -2.5125], "rotation": [0, 0, 32], "uv": [0, 0]},
						{"origin": [0.00173, 32.06738, -2.5125], "size": [0.25, 0.125, 0.1], "pivot": [0.07673, 32.14238, -2.5125], "rotation": [0, 0, -32], "uv": [0, 0]}
					]
				},
				{
					"name": "Hair",
					"parent": "Head",
					"pivot": [0, 14.7, 0]
				},
				{
					"name": "BaseHair",
					"parent": "Hair",
					"pivot": [0, 36, 4.7],
					"cubes": [
						{"origin": [-4, 32, 3.2], "size": [8, 7, 1], "uv": [92, 13]},
						{"origin": [3.075, 39.65, -2.6], "size": [1, 1, 5], "uv": [101, 118]},
						{"origin": [-3.925, 39.65, -2.6], "size": [1, 1, 5], "uv": [52, 118]},
						{"origin": [2.075, 40.65, -1.6], "size": [1, 1, 3], "uv": [129, 17]},
						{"origin": [-2.925, 40.65, -1.6], "size": [1, 1, 3], "uv": [128, 101]},
						{"origin": [-1.925, 40.65, -2.6], "size": [4, 1, 5], "uv": [16, 99]},
						{"origin": [-4, 38.95, -3.8], "size": [8, 1, 8], "uv": [20, 50]},
						{"origin": [-2.925, 39.65, -3.6], "size": [6, 1, 7], "uv": [24, 71]},
						{"origin": [3.36251, 32.2774, -3.26857], "size": [1.025, 3, 1], "pivot": [4.25368, 35.38583, -2.46186], "rotation": [4.3956, -1.0175, 2.4819], "uv": [109, 26]},
						{"origin": [3.32618, 35.20933, -3.29357], "size": [1.025, 2, 1], "pivot": [4.25368, 35.38583, -2.46186], "rotation": [4.4905, -0.4356, -4.9962], "uv": [46, 123]},
						{"origin": [4.975, 34.8, -0.975], "size": [1, 3, 1], "pivot": [4.975, 36.3, -0.475], "rotation": [0, 0, -45], "uv": [37, 108]},
						{"origin": [4.475, 33.95, 0.19], "size": [1, 5, 1], "uv": [102, 132]},
						{"origin": [4.475, 32.95, 1.19], "size": [1, 6, 2], "uv": [84, 127]},
						{"origin": [4.68396, 31.60021, 1.79818], "size": [2, 6, 1], "pivot": [5.68396, 34.60021, 2.29818], "rotation": [78.55326, 79.78573, 71.63866], "uv": [35, 129]},
						{"origin": [3.82092, 31.75011, 2.82687], "size": [2, 6, 1], "pivot": [5.24592, 34.75011, 3.60187], "rotation": [11.28215, 50.1589, 7.28344], "uv": [129, 22]},
						{"origin": [3.475, 32, -1.75], "size": [1, 1, 5], "uv": [10, 118]},
						{"origin": [3.975, 32.949, -2.8], "size": [1, 7, 6], "uv": [28, 86]},
						{"origin": [-6.68396, 31.60021, 1.79818], "size": [2, 6, 1], "pivot": [-5.68396, 34.60021, 2.29818], "rotation": [78.55326, -79.78573, -71.63866], "uv": [128, 126]},
						{"origin": [-5.82092, 31.75011, 2.82687], "size": [2, 6, 1], "pivot": [-5.24592, 34.75011, 3.60187], "rotation": [11.28215, -50.1589, -7.28344], "uv": [45, 128]},
						{"origin": [-4.475, 32, -1.75], "size": [1, 1, 5], "uv": [45, 117]},
						{"origin": [-4.38751, 32.2774, -3.26857], "size": [1.025, 3, 1], "pivot": [-4.25368, 35.38583, -2.46186], "rotation": [4.3956, 1.0175, -2.4819], "uv": [10, 100]},
						{"origin": [-4.35118, 35.20933, -3.29357], "size": [1.025, 2, 1], "pivot": [-4.25368, 35.38583, -2.46186], "rotation": [4.4905, 0.4356, 4.9962], "uv": [122, 86]},
						{"origin": [-5.975, 34.8, -0.975], "size": [1, 3, 1], "pivot": [-4.975, 36.3, -0.475], "rotation": [0, 0, 45], "uv": [0, 100]},
						{"origin": [-5.475, 33.95, 0.19], "size": [1, 5, 1], "uv": [41, 129]},
						{"origin": [-5.475, 32.95, 1.19], "size": [1, 6, 2], "uv": [78, 127]},
						{"origin": [-4.975, 32.949, -2.8], "size": [1, 7, 6], "uv": [14, 86]},
						{"origin": [-3, 33, 4.4], "size": [6, 6, 1], "pivot": [0, 36, 4.7], "rotation": [5, 0, 0], "uv": [107, 97]},
						{"origin": [-3.5, 29.43393, 8.17985], "size": [7, 6, 1], "pivot": [0.325, 14.16866, 3.78289], "rotation": [10, 0, 0], "uv": [100, 0]},
						{"origin": [-4.5, 30.43393, 7.57985], "size": [3, 7, 1], "pivot": [0.325, 14.16866, 3.78289], "rotation": [10, 0, 0], "uv": [121, 96]},
						{"origin": [1.5, 30.43393, 7.57985], "size": [3, 7, 1], "pivot": [0.325, 14.16866, 3.78289], "rotation": [10, 0, 0], "uv": [72, 121]}
					]
				},
				{
					"name": "bone5",
					"parent": "BaseHair",
					"pivot": [0, 14.7, 0],
					"cubes": [
						{"origin": [-3.33411, 35.21791, -4.925], "size": [1, 3, 1], "pivot": [-2.2341, 37.0179, -4.425], "rotation": [0, 0, 11], "uv": [97, 62]},
						{"origin": [-2.3341, 35.8179, -4.925], "size": [1, 3, 1], "pivot": [-2.2341, 37.0179, -4.425], "rotation": [0, 0, 11], "uv": [97, 55]},
						{"origin": [1.21668, 35.79031, -4.875], "size": [1, 3, 1], "pivot": [2.21668, 37.04031, -4.375], "rotation": [0, 0, -17.75], "uv": [95, 77]},
						{"origin": [2.21668, 34.79031, -4.875], "size": [1, 4, 1], "pivot": [2.21668, 37.04031, -4.375], "rotation": [0, 0, -17.75], "uv": [10, 118]},
						{"origin": [-3.5, 36.325, -4.375], "size": [1, 3, 1], "uv": [95, 27]},
						{"origin": [2.625, 35.2, -4.35], "size": [1, 4, 1], "pivot": [3, 37.325, -4], "rotation": [0, 0, -7.5], "uv": [34, 117]},
						{"origin": [3.3875, 35.225, -4], "size": [1, 4, 3], "pivot": [3.8875, 37.225, -2.5], "rotation": [0, 0, -6], "uv": [8, 124]},
						{"origin": [-4.3375, 35.225, -3.95], "size": [1, 4, 3], "uv": [123, 88]},
						{"origin": [-2.495, 36.425, -4.55], "size": [1, 3, 1], "uv": [91, 90]},
						{"origin": [-1.5, 37.425, -4.55], "size": [3, 2, 1], "uv": [96, 35]},
						{"origin": [1.499, 36.425, -4.55], "size": [1, 3, 1], "uv": [91, 22]}
					]
				},
				{
					"name": "MRightSideHair",
					"parent": "Hair",
					"pivot": [-4.34992, 38.12766, -2.06992]
				},
				{
					"name": "RightSideHair",
					"parent": "MRightSideHair",
					"pivot": [-4.34992, 38.12766, -2.06992],
					"cubes": [
						{"origin": [-5.57036, 32.32171, -3.85837], "size": [1.025, 1, 1], "pivot": [-5.06106, 33.52124, -3.12087], "rotation": [-6.7075, -0.9015, 2.5659], "uv": [51, 96]},
						{"origin": [-5.58228, 33.22105, -3.88337], "size": [1.025, 2, 2], "pivot": [-5.06106, 33.52124, -3.12087], "rotation": [-6.7403, -0.6087, 5.0489], "uv": [132, 89]},
						{"origin": [-5.69014, 35.00954, -3.79832], "size": [1.025, 3, 2], "pivot": [-4.65442, 34.21796, -3.06615], "rotation": [-6.7438, 0.5682, 14.9796], "uv": [96, 130]},
						{"origin": [-5.217, 30.38561, -2.85296], "size": [1.025, 2, 2], "pivot": [-4.57891, 31.87682, -2.09271], "rotation": [-1.6634, -0.7653, -7.4949], "uv": [132, 79]},
						{"origin": [-5.25693, 29.49251, -2.82796], "size": [1.025, 1, 1], "pivot": [-4.57891, 31.87682, -2.09271], "rotation": [-1.6285, -0.8371, -9.9942], "uv": [96, 38]},
						{"origin": [-5.31073, 32.25463, -2.85758], "size": [1.025, 4, 2], "pivot": [-4.57891, 31.87682, -2.09271], "rotation": [-1.771, -0.4648, 2.5011], "uv": [129, 93]},
						{"origin": [-4.25091, 28.46335, -2.99042], "size": [1.025, 3, 1], "pivot": [-3.66828, 31.14871, -2.50292], "rotation": [-4.0441, -0.8952, -9.5395], "uv": [0, 88]},
						{"origin": [-4.26597, 31.33308, -3.01542], "size": [1.025, 2, 1], "pivot": [-3.66828, 31.14871, -2.50292], "rotation": [-4.1262, -0.3602, -2.0582], "uv": [59, 120]},
						{"origin": [-4.48374, 31.01922, -3.87663], "size": [1.025, 3, 1], "pivot": [-4.34992, 34.12766, -3.06992], "rotation": [-6.666, -1.007, -2.4335], "uv": [83, 42]},
						{"origin": [-4.44742, 33.95116, -3.90163], "size": [1.025, 2, 1], "pivot": [-4.34992, 34.12766, -3.06992], "rotation": [-6.74, -0.1303, 5.0155], "uv": [102, 119]}
					]
				},
				{
					"name": "MLeftSideHair",
					"parent": "Hair",
					"pivot": [4.34992, 38.12766, -2.06992]
				},
				{
					"name": "LeftSideHair",
					"parent": "MLeftSideHair",
					"pivot": [4.34992, 38.12766, -2.06992],
					"cubes": [
						{"origin": [4.66514, 35.00954, -3.79832], "size": [1.025, 3, 2], "pivot": [4.65442, 34.21796, -3.06615], "rotation": [-6.7438, -0.5682, -14.9796], "uv": [57, 130]},
						{"origin": [4.54536, 32.32171, -3.85837], "size": [1.025, 1, 1], "pivot": [5.06106, 33.52124, -3.12087], "rotation": [-6.7075, 0.9015, -2.5659], "uv": [36, 90]},
						{"origin": [4.55728, 33.22105, -3.88337], "size": [1.025, 2, 2], "pivot": [5.06106, 33.52124, -3.12087], "rotation": [-6.7403, 0.6087, -5.0489], "uv": [132, 61]},
						{"origin": [4.2244, 29.42015, -3.24617], "size": [1.025, 2, 2], "pivot": [4.6113, 30.91135, -2.48592], "rotation": [-4.661, 0.8928, 7.4516], "uv": [132, 57]},
						{"origin": [4.26432, 28.52705, -3.22117], "size": [1.025, 1, 1], "pivot": [4.6113, 30.91135, -2.48592], "rotation": [-4.6178, 1.0951, 9.9438], "uv": [26, 71]},
						{"origin": [4.31812, 31.28917, -3.25078], "size": [1.025, 5, 2], "pivot": [4.6113, 30.91135, -2.48592], "rotation": [-4.7451, 0.0709, -2.515], "uv": [0, 57]},
						{"origin": [3.26028, 27.52037, -3.42521], "size": [1.025, 3, 1], "pivot": [3.70265, 30.20573, -2.93771], "rotation": [-7.0354, 1.1295, 9.4867], "uv": [81, 81]},
						{"origin": [3.27534, 30.39011, -3.45021], "size": [1.025, 2, 1], "pivot": [3.70265, 30.20573, -2.93771], "rotation": [-7.1222, 0.2039, 2.0435], "uv": [98, 119]},
						{"origin": [3.45874, 31.01922, -3.87663], "size": [1.025, 3, 1], "pivot": [4.34992, 34.12766, -3.06992], "rotation": [-6.666, 1.007, 2.4335], "uv": [67, 81]},
						{"origin": [3.42242, 33.95116, -3.90163], "size": [1.025, 2, 1], "pivot": [4.34992, 34.12766, -3.06992], "rotation": [-6.74, 0.1303, -5.0155], "uv": [27, 119]}
					]
				},
				{
					"name": "MBangs",
					"parent": "Hair",
					"pivot": [0, 38.61244, -4.05233]
				},
				{
					"name": "Bangs",
					"parent": "MBangs",
					"pivot": [0, 38.61244, -4.05233],
					"cubes": [
						{"origin": [-1, 36.01879, -5.05528], "size": [2, 2, 1], "pivot": [0, 37.51879, -4.55528], "rotation": [-7.5, 0, 0], "uv": [76, 55]},
						{"origin": [-1, 38.01879, -5.05528], "size": [2, 1, 1], "pivot": [0, 37.51879, -4.55528], "rotation": [-7.5, 0, 0], "uv": [58, 50]},
						{"origin": [-1.98767, 35.04147, -5.04634], "size": [1, 2.05, 1.05], "pivot": [-2, 38.01778, -4.5148], "rotation": [-7.3983, -1.2344, -9.4202], "uv": [23, 119]},
						{"origin": [-1.73303, 37.03066, -5.0263], "size": [1, 2.05, 1.05], "pivot": [-1.22264, 37.98168, -4.54477], "rotation": [-7.4278, 1.0409, 7.9324], "uv": [108, 118]},
						{"origin": [0.63177, 35.16156, -5.23683], "size": [1, 2.05, 1.05], "pivot": [1.13177, 36.18656, -4.68683], "rotation": [-7.3379, 1.5551, 11.9003], "uv": [52, 118]},
						{"origin": [0.92508, 33.75671, -5.29821], "size": [1, 2.05, 1.05], "pivot": [0.94465, 35.31702, -4.82652], "rotation": [3.7092, 6.5231, 119.7114], "uv": [116, 18]},
						{"origin": [-1.19461, 35.41162, -5.23815], "size": [2, 2, 1.05], "pivot": [-0.44461, 35.98662, -4.71315], "rotation": [-4.1013, 6.2847, 56.7747], "uv": [24, 75]},
						{"origin": [0.85287, 37.01234, -5.13983], "size": [1, 2.05, 1.05], "pivot": [1.19764, 37.11244, -4.55233], "rotation": [-7.4659, -0.7168, -5.4532], "uv": [70, 115]}
					]
				},
				{
					"name": "WLongHair",
					"parent": "Hair",
					"pivot": [0, 30.66069, 5.17354]
				},
				{
					"name": "MLongHair",
					"parent": "WLongHair",
					"pivot": [0, 30.66069, 5.17354]
				},
				{
					"name": "LongHair",
					"parent": "MLongHair",
					"pivot": [0, 30.66069, 5.17354],
					"cubes": [
						{"origin": [-4.98945, 25.93824, 5.37907], "size": [2, 6, 1], "pivot": [-3.5, 28.99809, 5.53439], "rotation": [9.8511, -1.7279, 9.8511], "uv": [54, 28]},
						{"origin": [2.98945, 25.93824, 5.37907], "size": [2, 6, 1], "pivot": [3.5, 28.99809, 5.53439], "rotation": [9.8511, 1.7279, -9.8511], "uv": [0, 43]},
						{"origin": [-4, 25.45435, 8.79809], "size": [8, 6, 1], "pivot": [-0.175, 9.27935, 4.84809], "rotation": [10, 0, 0], "uv": [95, 90]}
					]
				},
				{
					"name": "LongHair2",
					"parent": "LongHair",
					"pivot": [0, 26.20952, 5.93164],
					"rotation": [10, 0, 0],
					"cubes": [
						{"origin": [-5.5, 20.45952, 5.84831], "size": [3, 6, 1], "uv": [0, 124]},
						{"origin": [2.5, 20.45952, 5.84831], "size": [3, 6, 1], "uv": [112, 123]},
						{"origin": [-4.5, 19.45952, 5.92331], "size": [9, 7, 1], "uv": [0, 80]}
					]
				},
				{
					"name": "LongLeftHair",
					"parent": "Hair",
					"pivot": [4.78569, 31.74251, 3.67508],
					"rotation": [0, 50, 0],
					"cubes": [
						{"origin": [9.33702, 21.53615, 4.82039], "size": [1, 4, 1], "pivot": [-7.03352, 12.99348, 2.65206], "rotation": [4.4438, 3.3789, -12.6228], "uv": [94, 113]},
						{"origin": [4.13181, 26.11912, 7.4656], "size": [3, 5, 1], "pivot": [-10.23519, 15.61334, 4.93019], "rotation": [12.422, 2.1254, -2.6901], "uv": [120, 126]},
						{"origin": [5.30144, 28.95953, 2.6305], "size": [2, 5, 1], "pivot": [6.30144, 31.38453, 3.2055], "rotation": [9.9642, 10.9616, -0.7209], "uv": [69, 129]}
					]
				},
				{
					"name": "LongLeftHair2",
					"parent": "LongLeftHair",
					"pivot": [4.35337, 27.14251, 4.56001],
					"cubes": [
						{"origin": [2.64806, 24.86965, 5.17132], "size": [3, 7, 1], "pivot": [4.1081, 25.30419, 5.30863], "rotation": [31.8543, 4.986, 8.639], "uv": [64, 121]},
						{"origin": [5.54213, 21.89904, 11.95253], "size": [2, 5, 1], "pivot": [-9.06994, 14.35945, 8.58716], "rotation": [25.9708, 8.4232, -2.6564], "uv": [63, 129]},
						{"origin": [2.66113, 21.74972, 4.87061], "size": [2, 4, 1], "pivot": [4.1081, 25.30419, 5.30863], "rotation": [24.3761, 4.3613, 7.9988], "uv": [132, 33]}
					]
				},
				{
					"name": "LongRightHair",
					"parent": "Hair",
					"pivot": [-4.78569, 31.74251, 3.67508],
					"rotation": [0, -50, 0],
					"cubes": [
						{"origin": [-10.33702, 21.53615, 4.82039], "size": [1, 4, 1], "pivot": [7.03352, 12.99348, 2.65206], "rotation": [4.4438, -3.3789, 12.6228], "uv": [12, 107]},
						{"origin": [-7.13181, 26.11912, 7.4656], "size": [3, 5, 1], "pivot": [10.23519, 15.61334, 4.93019], "rotation": [12.422, -2.1254, 2.6901], "uv": [126, 108]},
						{"origin": [-7.30144, 28.95953, 2.6305], "size": [2, 5, 1], "pivot": [-6.30144, 31.38453, 3.2055], "rotation": [9.9642, -10.9616, 0.7209], "uv": [128, 85]}
					]
				},
				{
					"name": "LongRightHair2",
					"parent": "LongRightHair",
					"pivot": [-4.35337, 27.14251, 4.56001],
					"cubes": [
						{"origin": [-5.64806, 24.86965, 5.17132], "size": [3, 7, 1], "pivot": [-4.1081, 25.30419, 5.30863], "rotation": [31.8543, -4.986, -8.639], "uv": [121, 22]},
						{"origin": [-7.54213, 21.89904, 11.95253], "size": [2, 5, 1], "pivot": [9.06994, 14.35945, 8.58716], "rotation": [25.9708, -8.4232, 2.6564], "uv": [105, 68]},
						{"origin": [-4.66113, 21.74972, 4.87061], "size": [2, 4, 1], "pivot": [-4.1081, 25.30419, 5.30863], "rotation": [24.3761, -4.3613, -7.9988], "uv": [12, 132]}
					]
				},
				{
					"name": "Ear",
					"parent": "Head",
					"pivot": [-3.37089, 38.87854, -2.16927]
				},
				{
					"name": "Left_ear",
					"parent": "Ear",
					"pivot": [4.01518, 41.05579, -1.67616],
					"rotation": [175.69557, -4.83533, 115.5836],
					"cubes": [
						{"origin": [3.36634, 39.77878, -3.60052], "size": [1.275, 1.1, 4], "pivot": [4.09482, 40.71803, -2.58048], "rotation": [167.74077, 73.80435, -175.38615], "uv": [46, 123]},
						{"origin": [3.91829, 39.7432, -4.63325], "size": [0.1, 1.825, 5.475], "pivot": [4.58079, 40.6557, -1.89575], "rotation": [-86.70212, 73.36645, -75.83743], "uv": [0, 9]},
						{"origin": [3.61542, 40.20764, -3.85887], "size": [1.075, 1.1, 3.3], "pivot": [4.09482, 40.71803, -2.58048], "rotation": [-166.74452, 71.99091, -172.37418], "uv": [51, 128]},
						{"origin": [3.52678, 41.06719, -5.70836], "size": [1.275, 1, 5], "pivot": [4.09482, 40.71803, -2.58048], "rotation": [-143.81694, 77.13966, -158.67571], "uv": [27, 117]},
						{"origin": [2.93284, 41.56748, -5.24641], "size": [1.225, 1, 6.1], "pivot": [3.80976, 42.23833, -1.14608], "rotation": [16.63468, 75.49552, -5.60289], "uv": [87, 106]},
						{"origin": [2.99928, 39.32731, -4.96289], "size": [1.225, 1, 7.1], "pivot": [3.46178, 39.82731, -1.91289], "rotation": [-101.39567, 77.64667, -84.65604], "uv": [7, 99]},
						{"origin": [2.71693, 41.8268, -4.08128], "size": [1.025, 1, 3.1], "pivot": [3.02943, 42.3268, -1.53128], "rotation": [69.21155, 85.93231, 34.98354], "uv": [127, 13]},
						{"origin": [4.32509, 42.43935, -3.40141], "size": [1.025, 1, 3.1], "pivot": [4.83759, 42.93935, -1.65141], "rotation": [129.16826, 86.34408, 115.01883], "uv": [127, 9]},
						{"origin": [4.38007, 39.5248, -1.34688], "size": [1, 2, 1], "pivot": [4.38007, 40.7248, -0.84688], "rotation": [9.98663, -0.52069, -109.54549], "uv": [115, 45]},
						{"origin": [4.49198, 40.1065, -1.01625], "size": [1, 2, 1], "pivot": [4.99198, 41.1065, -0.51625], "rotation": [-4.5877, 1.89227, 46.84607], "uv": [113, 110]},
						{"origin": [1.67698, 36.83363, -0.76207], "size": [3.2, 6, 0.025], "pivot": [5.24904, 39.53285, -0.66214], "rotation": [5.89276, -9.10941, 53.93983], "uv": [83, 55]}
					]
				},
				{
					"name": "Right_ear",
					"parent": "Ear",
					"pivot": [-4.01518, 41.05579, -1.67616],
					"rotation": [175.69557, 4.83533, -115.5836],
					"cubes": [
						{"origin": [-4.64134, 39.77878, -3.60052], "size": [1.275, 1.1, 4], "pivot": [-4.09482, 40.71803, -2.58048], "rotation": [167.74077, -73.80435, 175.38615], "uv": [66, 1]},
						{"origin": [-4.01829, 39.7432, -4.63325], "size": [0.1, 1.825, 5.475], "pivot": [-4.58079, 40.6557, -1.89575], "rotation": [-86.70212, -73.36645, 75.83743], "uv": [0, 8]},
						{"origin": [-4.69042, 40.20764, -3.85887], "size": [1.075, 1.1, 3.3], "pivot": [-4.09482, 40.71803, -2.58048], "rotation": [-166.74452, -71.99091, 172.37418], "uv": [127, 5]},
						{"origin": [-4.80178, 41.06719, -5.70836], "size": [1.275, 1, 5], "pivot": [-4.09482, 40.71803, -2.58048], "rotation": [-143.81694, -77.13966, 158.67571], "uv": [94, 113]},
						{"origin": [-4.15784, 41.56748, -5.24641], "size": [1.225, 1, 6.1], "pivot": [-3.80976, 42.23833, -1.14608], "rotation": [16.63468, -75.49552, 5.60289], "uv": [105, 68]},
						{"origin": [-4.22428, 39.32731, -4.96289], "size": [1.225, 1, 7.1], "pivot": [-3.46178, 39.82731, -1.91289], "rotation": [-101.39567, -77.64667, 84.65604], "uv": [96, 69]},
						{"origin": [-3.74193, 41.8268, -4.08128], "size": [1.025, 1, 3.1], "pivot": [-3.02943, 42.3268, -1.53128], "rotation": [69.21155, -85.93231, -34.98354], "uv": [126, 48]},
						{"origin": [-5.35009, 42.43935, -3.40141], "size": [1.025, 1, 3.1], "pivot": [-4.83759, 42.93935, -1.65141], "rotation": [129.16826, -86.34408, -115.01883], "uv": [123, 104]},
						{"origin": [-5.38007, 39.5248, -1.34688], "size": [1, 2, 1], "pivot": [-4.38007, 40.7248, -0.84688], "rotation": [9.98663, 0.52069, 109.54549], "uv": [113, 104]},
						{"origin": [-5.49198, 40.1065, -1.01625], "size": [1, 2, 1], "pivot": [-4.99198, 41.1065, -0.51625], "rotation": [-4.5877, -1.89227, -46.84607], "uv": [80, 112]},
						{"origin": [-4.87698, 36.83363, -0.76207], "size": [3.2, 6, 0.025], "pivot": [-5.24904, 39.53285, -0.66214], "rotation": [5.89276, 9.10941, -53.93983], "uv": [0, 69]}
					]
				},
				{
					"name": "Arm",
					"parent": "UpperBody",
					"pivot": [-0.2, 29.1, 0]
				},
				{
					"name": "LeftArm",
					"parent": "Arm",
					"pivot": [3.25, 29.1, 0],
					"rotation": [0, 0, -18],
					"cubes": [
						{"origin": [2.41827, 25.19446, -1.848], "size": [3.2, 4, 3.65], "uv": [113, 38]},
						{"origin": [3.36023, 29.23603, -1.85], "size": [3, 1.2, 3.7], "uv": [120, 18]},
						{"origin": [1.95, 23.15, -1.8], "size": [3.05, 7, 3.6], "uv": [81, 102]}
					]
				},
				{
					"name": "LeftForeArm",
					"parent": "LeftArm",
					"pivot": [3.35325, 23.58739, -0.05],
					"cubes": [
						{"origin": [2.025, 17.775, -1.775], "size": [3, 6, 3.6], "uv": [42, 107]},
						{"origin": [3.72867, 19.78684, -1.8], "size": [1.1, 0.5, 0], "pivot": [4.27867, 19.98684, -1.8], "rotation": [0, 0, -11], "uv": [13, 139]},
						{"origin": [2.13223, 19.6094, -1.8], "size": [1.1, 0.5, 0], "pivot": [2.58223, 19.8594, -1.8], "rotation": [0, 0, -4], "uv": [13, 139]},
						{"origin": [0.43613, 19.49779, -1.8], "size": [1.1, 0.5, 0], "pivot": [0.98613, 19.74779, -1.8], "rotation": [0, 0, 3.5], "uv": [13, 139]},
						{"origin": [3.72867, 19.78684, 1.85], "size": [1.1, 0.5, 0], "pivot": [4.27867, 19.98684, 1.85], "rotation": [0, 0, -11], "uv": [13, 139]},
						{"origin": [2.13223, 19.6094, 1.85], "size": [1.1, 0.5, 0], "pivot": [2.58223, 19.8594, 1.85], "rotation": [0, 0, -4], "uv": [13, 139]},
						{"origin": [0.43613, 19.49779, 1.85], "size": [1.1, 0.5, 0], "pivot": [0.98613, 19.74779, 1.85], "rotation": [0, 0, 3.5], "uv": [13, 139]},
						{"origin": [2.025, 14.775, -1.45], "size": [3, 3, 3], "uv": [38, 116]},
						{"origin": [0.725, 17.775, -1.775], "size": [2, 6, 3.6], "inflate": -0.005, "pivot": [3.525, 19.775, 0.325], "rotation": [0, 0, 20], "uv": [84, 113]},
						{"origin": [0.00643, 18.50472, -1.775], "size": [2, 3, 3.6], "inflate": -0.01, "pivot": [1.00643, 19.60472, 0.325], "rotation": [0, 0, 41.5], "uv": [120, 10]},
						{"origin": [0.40643, 16.90472, -1.775], "size": [2, 2, 3.6], "inflate": -0.015, "pivot": [1.00643, 19.60472, 0.025], "rotation": [0, 0, 65], "uv": [122, 54]},
						{"origin": [-1.92038, 17.28038, -1.975], "size": [2.4, 2, 4], "pivot": [-2.22038, 18.28038, -0.275], "rotation": [0, 0, 7.5], "uv": [62, 115]},
						{"origin": [0.17237, 17.28038, -1.975], "size": [5.4, 2, 4], "pivot": [2.87237, 18.28038, 0.325], "rotation": [0, 0, -7.5], "uv": [97, 62]},
						{"origin": [4.3, 18.65, -1.35], "size": [1, 0.6, 0.6], "uv": [0, 0]}
					]
				},
				{
					"name": "LeftHand",
					"parent": "LeftForeArm",
					"pivot": [3.525, 16.275, 0.05],
					"cubes": [
						{"origin": [3.025, 15.775, -0.45], "size": [1, 1, 1], "uv": [65, 6]}
					]
				},
				{
					"name": "LeftHandLocator",
					"parent": "LeftHand",
					"pivot": [3.525, 16.275, 0.05]
				},
				{
					"name": "RightArm",
					"parent": "Arm",
					"pivot": [-3.25, 29.1, 0],
					"rotation": [0, 0, 18],
					"cubes": [
						{"origin": [-5.61827, 25.29446, -1.848], "size": [3.2, 4, 3.65], "uv": [112, 58]},
						{"origin": [-6.36023, 29.33603, -1.85], "size": [3, 1.2, 3.7], "uv": [118, 6]},
						{"origin": [-5, 23.15, -1.8], "size": [3.05, 7, 3.6], "uv": [101, 35]}
					]
				},
				{
					"name": "RightForeArm",
					"parent": "RightArm",
					"pivot": [-3.35325, 23.58739, -0.05],
					"cubes": [
						{"origin": [-5.025, 17.775, -1.775], "size": [3, 6, 3.6], "uv": [0, 107]},
						{"origin": [-4.82867, 19.78684, -1.8], "size": [1.1, 0.5, 0], "pivot": [-4.27867, 19.98684, -1.8], "rotation": [0, 0, 11], "uv": [13, 139]},
						{"origin": [-3.23223, 19.6094, -1.8], "size": [1.1, 0.5, 0], "pivot": [-2.58223, 19.8594, -1.8], "rotation": [0, 0, 4], "uv": [13, 139]},
						{"origin": [-1.53613, 19.49779, -1.8], "size": [1.1, 0.5, 0], "pivot": [-0.98613, 19.74779, -1.8], "rotation": [0, 0, -3.5], "uv": [13, 139]},
						{"origin": [-4.82867, 19.78684, 1.85], "size": [1.1, 0.5, 0], "pivot": [-4.27867, 19.98684, 1.85], "rotation": [0, 0, 11], "uv": [13, 139]},
						{"origin": [-3.23223, 19.6094, 1.85], "size": [1.1, 0.5, 0], "pivot": [-2.58223, 19.8594, 1.85], "rotation": [0, 0, 4], "uv": [13, 139]},
						{"origin": [-1.53613, 19.49779, 1.85], "size": [1.1, 0.5, 0], "pivot": [-0.98613, 19.74779, 1.85], "rotation": [0, 0, -3.5], "uv": [13, 139]},
						{"origin": [-5.025, 14.775, -1.45], "size": [3, 3, 3], "uv": [116, 0]},
						{"origin": [-2.725, 17.775, -1.775], "size": [2, 6, 3.6], "inflate": -0.005, "pivot": [-3.525, 19.775, 0.325], "rotation": [0, 0, -20], "uv": [113, 65]},
						{"origin": [-2.00643, 18.50472, -1.775], "size": [2, 3, 3.6], "inflate": -0.01, "pivot": [-1.00643, 19.60472, 0.325], "rotation": [0, 0, -41.5], "uv": [91, 119]},
						{"origin": [-2.40643, 16.90472, -1.775], "size": [2, 2, 3.6], "inflate": -0.015, "pivot": [-1.00643, 19.60472, 0.025], "rotation": [0, 0, -65], "uv": [122, 30]},
						{"origin": [-0.47962, 17.28038, -1.975], "size": [2.4, 2, 4], "pivot": [2.22038, 18.28038, -0.275], "rotation": [0, 0, -7.5], "uv": [18, 69]},
						{"origin": [-5.57237, 17.28038, -1.975], "size": [5.4, 2, 4], "pivot": [-2.87237, 18.28038, 0.325], "rotation": [0, 0, 7.5], "uv": [97, 55]},
						{"origin": [-5.3, 18.65, -1.35], "size": [1, 0.6, 0.6], "uv": [0, 0]}
					]
				},
				{
					"name": "RightHand",
					"parent": "RightForeArm",
					"pivot": [-3.525, 16.275, 0.05],
					"cubes": [
						{"origin": [-4.025, 15.775, -0.45], "size": [1, 1, 1], "uv": [49, 28]}
					]
				},
				{
					"name": "RightHandLocator",
					"parent": "RightHand",
					"pivot": [-3.525, 16.275, 0.05]
				},
				{
					"name": "Elytra",
					"parent": "UpperBody",
					"pivot": [0, 30.9644, 3]
				},
				{
					"name": "ElytraLocator",
					"parent": "Elytra",
					"pivot": [0, 30.9644, 3]
				},
				{
					"name": "RifleLocator",
					"parent": "UpperBody",
					"pivot": [0, 25.15, 2.3],
					"rotation": [0, 0, 45]
				},
				{
					"name": "PistolLocator",
					"parent": "UpperBody",
					"pivot": [-4, 22.75, -0.6],
					"rotation": [-30, 0, 0]
				},
				{
					"name": "clothe",
					"parent": "UpBody",
					"pivot": [0, 22.825, -0.075]
				},
				{
					"name": "LeftClothe",
					"parent": "clothe",
					"pivot": [3.1, 22.63735, -0.06085],
					"rotation": [0, 0, 7.5]
				},
				{
					"name": "LF",
					"parent": "LeftClothe",
					"pivot": [3.2195, 22.71147, -1.5592],
					"cubes": [
						{"origin": [2.45081, 18.78662, -1.07379], "size": [2.35, 3, 1], "pivot": [3.57046, 21.85997, -0.9879], "rotation": [-90, -77, 75], "uv": [51, 132]}
					]
				},
				{
					"name": "LF2",
					"parent": "LF",
					"pivot": [4.1195, 18.71147, -1.5592],
					"cubes": [
						{"origin": [2.84042, 11.86836, -1.92966], "size": [2.35, 7, 1], "pivot": [4.1195, 18.71147, -1.5592], "rotation": [-90, -77, 75], "uv": [90, 125]}
					]
				},
				{
					"name": "LF3",
					"parent": "LF2",
					"pivot": [6.1195, 12.31147, -2.7592],
					"cubes": [
						{"origin": [4.50259, 8.26616, -2.85425], "size": [2.35, 4, 1], "pivot": [6.1195, 12.31147, -2.7592], "rotation": [-90, -77, 75], "uv": [131, 119]}
					]
				},
				{
					"name": "LB",
					"parent": "LeftClothe",
					"pivot": [3.41804, 22.74228, 1.51541],
					"cubes": [
						{"origin": [2.41525, 18.75182, 0.09967], "size": [2.35, 3, 1], "pivot": [3.55663, 21.73106, 0.9879], "rotation": [90, 77, 75], "uv": [17, 119]}
					]
				},
				{
					"name": "LB2",
					"parent": "LB",
					"pivot": [4.1195, 18.95947, 1.9592],
					"cubes": [
						{"origin": [3.3508, 11.96734, 1.08634], "size": [2.35, 7, 1], "pivot": [4.21755, 19.02522, 1.91265], "rotation": [90, 77, 75], "uv": [106, 124]}
					]
				},
				{
					"name": "LB3",
					"parent": "LB2",
					"pivot": [6.0195, 12.35947, 3.1592],
					"cubes": [
						{"origin": [4.81407, 8.31002, 2.31757], "size": [2.35, 4, 1], "pivot": [6.0195, 12.35947, 3.1592], "rotation": [90, 77, 75], "uv": [131, 114]}
					]
				},
				{
					"name": "LM",
					"parent": "LeftClothe",
					"pivot": [3.39551, 23.006, 0],
					"cubes": [
						{"origin": [1.3235, 18.79933, -0.08236], "size": [4.25, 4, 1], "pivot": [3.4485, 22.73118, 0], "rotation": [0, -90, -15], "uv": [123, 69]}
					]
				},
				{
					"name": "LM2",
					"parent": "LM",
					"pivot": [4.29551, 18.906, 0],
					"cubes": [
						{"origin": [2.24701, 11.91185, -0.05121], "size": [4.25, 7, 1], "pivot": [4.37201, 19.01859, 0], "rotation": [0, -90, -15], "uv": [0, 116]}
					]
				},
				{
					"name": "LM3",
					"parent": "LM2",
					"pivot": [6.19551, 12.106, 0],
					"cubes": [
						{"origin": [3.19551, 8.14827, -0.07895], "size": [6, 4, 1], "pivot": [6.19551, 12.106, 0], "rotation": [0, -90, -15], "uv": [111, 52]}
					]
				},
				{
					"name": "RightClothe",
					"parent": "clothe",
					"pivot": [-3.3, 22.7854, -0.0608],
					"rotation": [0, 0, -7.5]
				},
				{
					"name": "RM",
					"parent": "RightClothe",
					"pivot": [-3.09551, 23.006, 0],
					"cubes": [
						{"origin": [-5.5735, 18.80615, 0.0694], "size": [4.25, 4, 1], "pivot": [-3.4485, 22.93118, 0], "rotation": [0, 90, 15], "uv": [123, 64]}
					]
				},
				{
					"name": "RM2",
					"parent": "RM",
					"pivot": [-4.29551, 19.006, 0],
					"cubes": [
						{"origin": [-6.49701, 11.91185, -0.05121], "size": [4.25, 7, 1], "pivot": [-4.37201, 19.01859, 0], "rotation": [0, 90, 15], "uv": [113, 115]}
					]
				},
				{
					"name": "RM3",
					"parent": "RM2",
					"pivot": [-6.19551, 12.106, 0],
					"cubes": [
						{"origin": [-9.19551, 8.14827, -0.07895], "size": [6, 4, 1], "pivot": [-6.19551, 12.106, 0], "rotation": [0, 90, 15], "uv": [19, 59]}
					]
				},
				{
					"name": "RB",
					"parent": "RightClothe",
					"pivot": [-3.40361, 22.60524, 1.39998],
					"cubes": [
						{"origin": [-4.88441, 18.7802, 0.17379], "size": [2.35, 3, 1], "pivot": [-3.55663, 21.83106, 1.0879], "rotation": [90, -77, -75], "uv": [103, 45]}
					]
				},
				{
					"name": "RB2",
					"parent": "RB",
					"pivot": [-4.20361, 19.00524, 1.89998],
					"cubes": [
						{"origin": [-5.58164, 11.93896, 1.01222], "size": [2.35, 7, 1], "pivot": [-4.21755, 18.92522, 1.81265], "rotation": [90, -77, -75], "uv": [100, 124]}
					]
				},
				{
					"name": "RB3",
					"parent": "RB2",
					"pivot": [-5.60361, 12.20524, 2.99998],
					"cubes": [
						{"origin": [-7.62579, 8.41601, 2.82543], "size": [2.35, 4, 1], "pivot": [-6.00458, 12.34878, 3.64988], "rotation": [90, -77, -75], "uv": [131, 46]}
					]
				},
				{
					"name": "RF",
					"parent": "RightClothe",
					"pivot": [-3.32145, 22.8684, -1.61541],
					"cubes": [
						{"origin": [-4.76865, 18.77794, -1.09967], "size": [2.35, 3, 1], "pivot": [-3.56003, 21.75718, -0.9879], "rotation": [-90, 77, -75], "uv": [10, 0]}
					]
				},
				{
					"name": "RF2",
					"parent": "RF",
					"pivot": [-4.32096, 18.85133, -1.71265],
					"cubes": [
						{"origin": [-5.07287, 11.84944, -1.34151], "size": [2.35, 7, 1], "pivot": [-4.32096, 18.85133, -1.21265], "rotation": [-90, 77, -75], "uv": [16, 124]}
					]
				},
				{
					"name": "RF3",
					"parent": "RF2",
					"pivot": [-6.10798, 12.2749, -2.84988],
					"cubes": [
						{"origin": [-6.92215, 8.2815, -2.85472], "size": [2.35, 4, 1], "pivot": [-6.1195, 12.3115, -2.7592], "rotation": [-90, 77, -75], "uv": [21, 131]}
					]
				},
				{
					"name": "BackClothe",
					"parent": "clothe",
					"pivot": [-0.00579, 22.55165, 2.40762],
					"rotation": [-1.25, 0, 0]
				},
				{
					"name": "BR",
					"parent": "BackClothe",
					"pivot": [-2.39855, 22.61213, 2.45638],
					"cubes": [
						{"origin": [-2.89454, 16.76504, 1.42664], "size": [3, 6, 1], "pivot": [-1.74349, 22.74401, 2.1545], "rotation": [14.78217, -2.57594, 9.6658], "uv": [28, 123]}
					]
				},
				{
					"name": "BR2",
					"parent": "BR",
					"pivot": [-2.94602, 17.06411, 3.73579],
					"cubes": [
						{"origin": [-3.9348, 12.16883, 2.93886], "size": [3, 5, 1], "pivot": [-3.29855, 17.11213, 3.75638], "rotation": [14.78217, -2.57594, 9.6658], "uv": [56, 124]}
					]
				},
				{
					"name": "BR3",
					"parent": "BR2",
					"pivot": [-3.54602, 12.46411, 4.93579],
					"cubes": [
						{"origin": [-4.7803, 8.39002, 4.18205], "size": [2, 4, 1], "pivot": [-4.14602, 12.46411, 4.93579], "rotation": [14.78217, -2.57594, 9.6658], "uv": [6, 131]}
					]
				},
				{
					"name": "BL",
					"parent": "BackClothe",
					"pivot": [2.68119, 23.21373, 2.45504],
					"cubes": [
						{"origin": [-0.12282, 16.86664, 1.4253], "size": [3, 6, 1], "pivot": [1.72612, 22.84561, 2.15316], "rotation": [14.78217, 2.57594, -9.6658], "uv": [38, 122]}
					]
				},
				{
					"name": "BL2",
					"parent": "BL",
					"pivot": [2.52866, 16.96571, 3.73445],
					"cubes": [
						{"origin": [0.90839, 12.19284, 2.93412], "size": [3, 5, 1], "pivot": [2.98119, 17.21373, 3.65504], "rotation": [14.78217, 2.57594, -9.6658], "uv": [123, 115]}
					]
				},
				{
					"name": "BL3",
					"parent": "BL2",
					"pivot": [3.62866, 12.36571, 4.93445],
					"cubes": [
						{"origin": [2.79648, 8.48187, 4.23247], "size": [2, 4, 1], "pivot": [4.12866, 12.36571, 4.93445], "rotation": [14.78217, 2.57594, -9.6658], "uv": [0, 131]}
					]
				},
				{
					"name": "BM",
					"parent": "BackClothe",
					"pivot": [0, 22.65066, 2.4071],
					"cubes": [
						{"origin": [-1.5, 16.91811, 1.43904], "size": [3, 6, 1], "pivot": [0, 22.87585, 2.36009], "rotation": [15, 0, 0], "uv": [21, 43]}
					]
				},
				{
					"name": "BM2",
					"parent": "BM",
					"pivot": [0, 17.06326, 3.78359],
					"cubes": [
						{"origin": [-2.5, 12.0626, 2.98855], "size": [5, 5, 1], "pivot": [0, 17.06326, 3.68359], "rotation": [15, 0, 0], "uv": [22, 86]}
					]
				},
				{
					"name": "BM3",
					"parent": "BM2",
					"pivot": [0, 12.15066, 5.1071],
					"cubes": [
						{"origin": [-3.5, 8.27046, 4.25676], "size": [7, 4, 1], "pivot": [0, 12.35066, 5.1071], "rotation": [15, 0, 0], "uv": [105, 21]}
					]
				},
				{
					"name": "FrontClothe",
					"parent": "clothe",
					"pivot": [-0.03125, 23.25833, -2.16982],
					"rotation": [1.25, 0, 0]
				},
				{
					"name": "FL",
					"parent": "FrontClothe",
					"pivot": [2.14552, 22.66002, -1.94472],
					"cubes": [
						{"origin": [0.49922, 18.78914, -2.14615], "size": [3, 4, 1], "pivot": [2.14552, 22.66002, -1.94472], "rotation": [-14.87739, -1.93597, -7.24721], "uv": [128, 41]}
					]
				},
				{
					"name": "FL1",
					"parent": "FL",
					"pivot": [2.96256, 19.00548, -2.75267],
					"cubes": [
						{"origin": [0.99426, 11.94838, -3.11954], "size": [3, 7, 1], "pivot": [2.96256, 19.00548, -2.75267], "rotation": [-14.87739, -1.93597, -7.24721], "uv": [44, 50]}
					]
				},
				{
					"name": "FL2",
					"parent": "FL1",
					"pivot": [4.17618, 12.30138, -4.54711],
					"cubes": [
						{"origin": [2.91051, 8.28341, -4.91584], "size": [2, 4, 1], "pivot": [4.17618, 12.30138, -4.54711], "rotation": [-14.87739, -1.93597, -7.24721], "uv": [112, 130]}
					]
				},
				{
					"name": "FR",
					"parent": "FrontClothe",
					"pivot": [-2.86342, 22.99288, -2.15605],
					"cubes": [
						{"origin": [-3.41606, 18.82362, -2.17544], "size": [3, 4, 1], "pivot": [-2.24552, 22.56002, -2.04472], "rotation": [-14.87739, 1.93597, 7.24721], "uv": [128, 0]}
					]
				},
				{
					"name": "FR1",
					"parent": "FR",
					"pivot": [-2.87703, 18.98877, -2.65048],
					"cubes": [
						{"origin": [-3.89849, 11.96143, -3.12633], "size": [3, 7, 1], "pivot": [-2.86342, 18.99288, -2.85605], "rotation": [-14.87739, 1.93597, 7.24721], "uv": [33, 25]}
					]
				},
				{
					"name": "FR2",
					"parent": "FR1",
					"pivot": [-3.87703, 12.28877, -4.45048],
					"cubes": [
						{"origin": [-4.81641, 8.29602, -4.92603], "size": [2, 4, 1], "pivot": [-3.87703, 12.28877, -4.75048], "rotation": [-14.87739, 1.93597, 7.24721], "uv": [27, 130]}
					]
				},
				{
					"name": "FM",
					"parent": "FrontClothe",
					"pivot": [0, 22.74926, -2.3029],
					"cubes": [
						{"origin": [-1.5, 18.8099, -2.1866], "size": [3, 4, 1], "pivot": [0, 22.57444, -2.05589], "rotation": [-15, 0, 0], "uv": [124, 80]}
					]
				},
				{
					"name": "FM1",
					"parent": "FM",
					"pivot": [0, 18.96185, -2.97939],
					"cubes": [
						{"origin": [-2.5, 11.92923, -3.1272], "size": [5, 7, 1], "pivot": [0, 19.06185, -2.97939], "rotation": [-15, 0, 0], "uv": [101, 110]}
					]
				},
				{
					"name": "FM2",
					"parent": "FM1",
					"pivot": [0, 12.14926, -4.6029],
					"cubes": [
						{"origin": [-3.5, 8.11388, -4.97163], "size": [7, 4, 1], "pivot": [0, 12.14926, -4.6029], "rotation": [-15, 0, 0], "uv": [99, 85]}
					]
				},
				{
					"name": "FFM",
					"parent": "FrontClothe",
					"pivot": [0.20405, 22.95281, -2.00646]
				},
				{
					"name": "FFM2",
					"parent": "FFM",
					"pivot": [2.08876, 22.97445, -2.47211],
					"cubes": [
						{"origin": [0.97967, 18.75725, -2.793], "size": [2, 4, 1], "pivot": [2.31142, 22.66901, -2.56061], "rotation": [-14.90788, -1.67896, -6.28032], "uv": [129, 74]}
					]
				},
				{
					"name": "FFM2_1",
					"parent": "FFM2",
					"pivot": [2.88876, 18.97445, -3.47211],
					"cubes": [
						{"origin": [1.41407, 10.70818, -3.78028], "size": [2, 8.2, 1], "pivot": [2.88876, 18.97445, -3.47211], "rotation": [-14.90788, -1.67896, -6.28032], "uv": [22, 122]}
					]
				},
				{
					"name": "FFM1",
					"parent": "FFM",
					"pivot": [-0.1, 23.49593, -2.26321],
					"cubes": [
						{"origin": [-2.2, 18.70587, -2.79421], "size": [4, 4, 1], "pivot": [-0.2, 22.71537, -2.52207], "rotation": [-15, 0, 0], "uv": [80, 122]}
					]
				},
				{
					"name": "FFM1_1",
					"parent": "FFM1",
					"pivot": [0.2, 18.99593, -3.66321],
					"cubes": [
						{"origin": [-2.2, 10.69944, -3.82267], "size": [5, 8.2, 1], "pivot": [0.3, 18.90619, -3.77145], "rotation": [-15, 0, 0], "uv": [66, 106]},
						{"origin": [-2.9, 11.42935, -4.20935], "size": [4, 5, 1], "pivot": [-0.9, 16.39593, -4.16321], "rotation": [-15, 0, 0], "uv": [119, 45]}
					]
				},
				{
					"name": "FFM3",
					"parent": "FFM",
					"pivot": [-2.092, 22.73128, -2.42383],
					"cubes": [
						{"origin": [-3.13593, 18.19514, -2.52173], "size": [3, 4.4, 1], "pivot": [-2.092, 22.63128, -2.42383], "rotation": [-14.90788, 1.67896, 6.28032], "uv": [124, 59]}
					]
				},
				{
					"name": "FFM3_1",
					"parent": "FFM3",
					"pivot": [-2.53726, 18.36089, -3.38962],
					"cubes": [
						{"origin": [-3.63404, 11.32188, -3.6599], "size": [3, 7, 1], "pivot": [-2.53726, 18.36089, -3.38962], "rotation": [-14.90788, 1.67896, 6.28032], "uv": [0, 25]}
					]
				},
				{
					"name": "DownBody",
					"parent": "AllBody",
					"pivot": [0, 19.7, 0]
				},
				{
					"name": "RightLeg",
					"parent": "DownBody",
					"pivot": [-2.4, 18.95, 0],
					"cubes": [
						{"origin": [-3.775, 10.7, -2], "size": [3.4, 9, 4], "uv": [85, 77]},
						{"origin": [-3.675, 9.75, -1.325], "size": [3.175, 2, 2], "pivot": [0.4, 10.75, -0.325], "rotation": [30, 0, 0], "uv": [36, 86]}
					]
				},
				{
					"name": "RightLowerLeg",
					"parent": "RightLeg",
					"pivot": [-2.2, 11.25, 0.2],
					"cubes": [
						{"origin": [-3.75, 3.55, -1.9], "size": [3.35, 8, 4], "uv": [81, 90]},
						{"origin": [-3.875, 2.875, -1.925], "size": [3.625, 3.1, 4.075], "uv": [105, 45]}
					]
				},
				{
					"name": "RightFoot",
					"parent": "RightLowerLeg",
					"pivot": [-2.0875, 2.55, -0.8625],
					"cubes": [
						{"origin": [-3.925, 0.875, -3.9], "size": [3.675, 2, 6.075], "uv": [54, 89]},
						{"origin": [-3.825, 0.875, -0.1], "size": [3.475, 3.2, 2.175], "uv": [122, 36]},
						{"origin": [-4.1, 0.1, -4.2], "size": [4, 1.175, 3.875], "uv": [113, 75]},
						{"origin": [-3.85, 1.30811, -3.78138], "size": [3.525, 2, 4.075], "pivot": [0.1, 2.80811, -2.74388], "rotation": [22.5, 0, 0], "uv": [110, 12]},
						{"origin": [-4.1, 0.1, 0.675], "size": [4, 1, 2.05], "uv": [64, 55]},
						{"origin": [-4.105, 0.625, -4.1], "size": [4.005, 1, 6.875], "pivot": [-2.0875, 0.43125, -0.29375], "rotation": [5, 0, 0], "uv": [83, 63]}
					]
				},
				{
					"name": "bone37",
					"parent": "RightFoot",
					"pivot": [-0.3, -6.025, 1.225],
					"cubes": [
						{"origin": [-4.025, 0.8, -2.575], "size": [0.45, 2.725, 0.5], "uv": [0, 0]},
						{"origin": [-3.99431, 3.43566, -2.59144], "size": [0.55, 0.475, 0.3], "pivot": [-0.39431, 3.51066, -2.44144], "rotation": [-66.24819, -0.68648, -0.30207], "uv": [0, 0]},
						{"origin": [-1.9, 0.8, -4], "size": [0.55, 2.175, 1], "uv": [54, 4]},
						{"origin": [-1.775, 2.33993, -4.02288], "size": [0.55, 2.625, 1], "pivot": [-1.8, 2.65243, -3.52288], "rotation": [-50.09824, -51.10858, -33.05734], "uv": [48, 13]},
						{"origin": [-1.9, 2.325, -4], "size": [0.55, 0.625, 1], "pivot": [-1.625, 2.6625, -3.5], "rotation": [-66.25, 0, 0], "uv": [0, 0]},
						{"origin": [-2, 2.73993, -4.02288], "size": [0.55, 1.925, 0.3], "pivot": [-1.8, 2.65243, -3.52288], "rotation": [-58.43839, 39.69462, 21.42199], "uv": [0, 0]},
						{"origin": [-0.54431, 3.36066, -2.59144], "size": [0.425, 0.4, 0.3], "pivot": [-0.39431, 3.51066, -2.44144], "rotation": [-66.24819, -0.68648, -0.30207], "uv": [0, 0]},
						{"origin": [-0.575, 0.8, -2.575], "size": [0.45, 2.725, 0.5], "uv": [0, 0]}
					]
				},
				{
					"name": "LeftLeg",
					"parent": "DownBody",
					"pivot": [2.4, 18.95, 0],
					"cubes": [
						{"origin": [0.375, 10.7, -2], "size": [3.4, 9, 4], "uv": [0, 0]},
						{"origin": [0.5, 9.75, -1.325], "size": [3.175, 2, 2], "pivot": [-0.4, 10.75, -0.325], "rotation": [30, 0, 0], "uv": [68, 23]}
					]
				},
				{
					"name": "LeftLowerLeg",
					"parent": "LeftLeg",
					"pivot": [2.2, 11.25, 0.2],
					"cubes": [
						{"origin": [0.4, 3.55, -1.9], "size": [3.35, 8, 4], "uv": [0, 88]},
						{"origin": [0.25, 2.875, -1.925], "size": [3.625, 3.1, 4.075], "uv": [19, 105]}
					]
				},
				{
					"name": "LeftFoot",
					"parent": "LeftLowerLeg",
					"pivot": [2.0875, 2.55, -0.8625],
					"cubes": [
						{"origin": [0.25, 0.875, -3.9], "size": [3.675, 2, 6.075], "uv": [88, 5]},
						{"origin": [0.35, 0.875, -0.1], "size": [3.475, 3.2, 2.175], "uv": [121, 121]},
						{"origin": [0.1, 0.1, -4.2], "size": [4, 1.175, 3.875], "uv": [54, 5]},
						{"origin": [0.325, 1.30811, -3.78138], "size": [3.525, 2, 4.075], "pivot": [-0.1, 2.80811, -2.74388], "rotation": [22.5, 0, 0], "uv": [0, 100]},
						{"origin": [0.1, 0.1, 0.675], "size": [4, 1, 2.05], "uv": [54, 40]},
						{"origin": [0.1, 0.625, -4.1], "size": [4.005, 1, 6.875], "pivot": [2.0875, 0.43125, -0.29375], "rotation": [5, 0, 0], "uv": [83, 55]}
					]
				},
				{
					"name": "bone36",
					"parent": "LeftFoot",
					"pivot": [0.3, -6.025, 1.225],
					"cubes": [
						{"origin": [3.575, 0.8, -2.575], "size": [0.45, 2.725, 0.5], "uv": [0, 0]},
						{"origin": [3.44431, 3.43566, -2.59144], "size": [0.55, 0.475, 0.3], "pivot": [0.39431, 3.51066, -2.44144], "rotation": [-66.24819, 0.68648, 0.30207], "uv": [0, 0]},
						{"origin": [1.35, 0.8, -4], "size": [0.55, 2.175, 1], "uv": [14, 9]},
						{"origin": [1.225, 2.33993, -4.02288], "size": [0.55, 2.625, 1], "pivot": [1.8, 2.65243, -3.52288], "rotation": [-50.09824, 51.10858, 33.05734], "uv": [14, 7]},
						{"origin": [1.35, 2.325, -4], "size": [0.55, 0.625, 1], "pivot": [1.625, 2.6625, -3.5], "rotation": [-66.25, 0, 0], "uv": [0, 0]},
						{"origin": [1.45, 2.73993, -4.02288], "size": [0.55, 1.925, 0.3], "pivot": [1.8, 2.65243, -3.52288], "rotation": [-58.43839, -39.69462, -21.42199], "uv": [0, 0]},
						{"origin": [0.11931, 3.36066, -2.59144], "size": [0.425, 0.4, 0.3], "pivot": [0.39431, 3.51066, -2.44144], "rotation": [-66.24819, 0.68648, 0.30207], "uv": [0, 0]},
						{"origin": [0.125, 0.8, -2.575], "size": [0.45, 2.725, 0.5], "uv": [0, 0]}
					]
				},
				{
					"name": "FOX",
					"parent": "Root",
					"pivot": [0, 0, 0]
				},
				{
					"name": "AllBody2",
					"parent": "FOX",
					"pivot": [0, 12, 0]
				},
				{
					"name": "UpBody2",
					"parent": "AllBody2",
					"pivot": [0, 12, 0]
				},
				{
					"name": "UpperBody2",
					"parent": "UpBody2",
					"pivot": [0, 12, 0]
				},
				{
					"name": "AllHead2",
					"parent": "UpperBody2",
					"pivot": [0, 11.25, -7.5]
				},
				{
					"name": "Head2",
					"parent": "AllHead2",
					"pivot": [0, 10.5, -7.5],
					"cubes": [
						{"origin": [-6, 6.75, -16.5], "size": [12, 9, 9], "uv": [0, 25]}
					]
				},
				{
					"name": "Ear2",
					"parent": "Head2",
					"pivot": [0, 15.75, -14.25]
				},
				{
					"name": "RightEar",
					"parent": "Ear2",
					"pivot": [-4.5, 15.75, -14.25],
					"cubes": [
						{"origin": [-6, 15.75, -15], "size": [3, 3, 1.5], "uv": [100, 7]}
					]
				},
				{
					"name": "LeftEar",
					"parent": "Ear2",
					"pivot": [4.5, 15.75, -14.25],
					"cubes": [
						{"origin": [3, 15.75, -15], "size": [3, 3, 1.5], "uv": [10, 88]}
					]
				},
				{
					"name": "zui",
					"parent": "Head2",
					"pivot": [0, 8.25, -16.5],
					"cubes": [
						{"origin": [-3, 6.75, -21], "size": [6, 3, 4.5], "uv": [83, 42]}
					]
				},
				{
					"name": "LeftHand2",
					"parent": "zui",
					"pivot": [1.5, 8.25, -19.5],
					"rotation": [-90, 0, 90]
				},
				{
					"name": "LeftHandLocator2",
					"parent": "LeftHand2",
					"pivot": [1.5, 8.25, -19.5]
				},
				{
					"name": "RightHand2",
					"parent": "zui",
					"pivot": [-1.5, 8.25, -19.5],
					"rotation": [90, 0, 90]
				},
				{
					"name": "RightHandLocator2",
					"parent": "RightHand2",
					"pivot": [-1.5, 8.25, -19.5]
				},
				{
					"name": "Arm2",
					"parent": "UpperBody2",
					"pivot": [0, 9, -4.5]
				},
				{
					"name": "RightArm2",
					"parent": "Arm2",
					"pivot": [-3, 9, -4.5],
					"cubes": [
						{"origin": [-4.485, 0, -6], "size": [3, 9, 3], "uv": [95, 97]}
					]
				},
				{
					"name": "LeftArm2",
					"parent": "Arm2",
					"pivot": [3, 9, -4.5],
					"cubes": [
						{"origin": [1.485, 0, -6], "size": [3, 9, 3], "uv": [54, 97]}
					]
				},
				{
					"name": "Body",
					"parent": "UpperBody2",
					"pivot": [0, 12, 0.75],
					"cubes": [
						{"origin": [-4.5, 7.5, -7.5], "size": [9, 9, 16.5], "uv": [0, 0]},
						{"origin": [-5.1, 40.9125, -27.3], "size": [10.2, 0.6, 9.9], "pivot": [0, 34.3125, -0.075], "rotation": [90, 0, 0], "uv": [41, 9]},
						{"origin": [-4.95, 19.5, -19.2], "size": [9.9, 1.8, 9.6], "pivot": [0, 20.4, -6.075], "rotation": [90, 0, 0], "uv": [41, 18]},
						{"origin": [-5.1, 38.9625, -27.3], "size": [10.2, 0.6, 9.9], "pivot": [0, 34.3125, -0.075], "rotation": [90, 0, 0], "uv": [25, 0]}
					]
				},
				{
					"name": "bow2",
					"parent": "Body",
					"pivot": [-21, 17.77266, -5.9625],
					"rotation": [-90, 180, 0],
					"cubes": [
						{"origin": [-43.125, 16.64766, -6.7125], "size": [2.25, 2.25, 1.5], "uv": [10, 13]}
					]
				},
				{
					"name": "bowR3",
					"parent": "bow2",
					"pivot": [-22.15194, 17.66562, -5.96839],
					"rotation": [0, 4, 0],
					"cubes": [
						{"origin": [-42.37119, 28.82034, -6.21993], "size": [3.45, 1.8, 1.5], "pivot": [-22.00194, 17.21562, -5.96839], "rotation": [2.11751, -4.53051, -35.58377], "uv": [41, 25]},
						{"origin": [-46.28611, 20.55875, -6.26315], "size": [3.6, 2.25, 1.5], "pivot": [-22.15194, 17.66562, -5.96839], "rotation": [0, -5, -10.5], "uv": [74, 91]}
					]
				},
				{
					"name": "bowL3",
					"parent": "bow2",
					"pivot": [-19.84806, 17.36562, -5.96839],
					"rotation": [0, -5, 0],
					"cubes": [
						{"origin": [-40.63079, 12.89061, -6.58746], "size": [3.6, 2.25, 1.5], "pivot": [-19.64902, 17.55463, -5.99653], "rotation": [0, 5, 10.5], "uv": [66, 91]},
						{"origin": [-37.16785, 4.39274, -6.5358], "size": [3.45, 1.8, 1.5], "pivot": [-19.84806, 17.36562, -5.96839], "rotation": [2.11751, 4.53051, 35.58377], "uv": [34, 14]}
					]
				},
				{
					"name": "bowL4",
					"parent": "bow2",
					"pivot": [-19.87747, 16.41512, -5.65209],
					"rotation": [20.97372, 1.07468, -2.80107],
					"cubes": [
						{"origin": [-41.42949, 16.80056, -5.77038], "size": [1.5, 3.75, 1.5], "pivot": [-20.02747, 16.56511, -5.80209], "rotation": [-21.88223, -4.08471, -5.25655], "uv": [40, 79]},
						{"origin": [-40.72033, 20.0327, -5.61021], "size": [1.5, 3.75, 1.5], "pivot": [-19.27747, 16.86512, -5.65209], "rotation": [-21.09913, -7.20371, -13.20321], "uv": [18, 69]}
					]
				},
				{
					"name": "bowL5",
					"parent": "bowL4",
					"pivot": [-19.42747, 13.56511, -6.70209],
					"cubes": [
						{"origin": [-41.0892, 12.5511, -6.89973], "size": [1.5, 4.5, 1.5], "pivot": [-19.27747, 13.71512, -6.85209], "rotation": [-21.88223, -4.08471, -5.25655], "uv": [29, 99]},
						{"origin": [-39.87486, 15.58637, -6.87648], "size": [1.5, 4.5, 1.5], "pivot": [-19.27747, 13.71512, -6.70209], "rotation": [-21.09913, -7.20371, -13.20321], "uv": [16, 99]}
					]
				},
				{
					"name": "bowR4",
					"parent": "bow2",
					"pivot": [-21.97252, 16.56511, -5.91459],
					"rotation": [21.8831, -9.14577, 7.38562],
					"cubes": [
						{"origin": [-42.73186, 6.01031, -5.70007], "size": [1.5, 5.25, 1.5], "pivot": [-22.27252, 16.71511, -5.91459], "rotation": [-18.4536, 11.31542, 9.17364], "uv": [70, 11]},
						{"origin": [-43.3756, 9.06807, -5.77597], "size": [1.5, 5.1, 1.5], "pivot": [-22.12252, 16.56511, -5.91459], "rotation": [-19.86021, 8.52131, 1.02311], "uv": [67, 43]}
					]
				},
				{
					"name": "bowR5",
					"parent": "bowR4",
					"pivot": [-22.72252, 13.26512, -6.51459],
					"cubes": [
						{"origin": [-43.58026, 4.88657, -6.85357], "size": [1.5, 4.35, 1.5], "pivot": [-22.36582, 13.5252, -6.91507], "rotation": [-19.86021, 8.52131, 1.02311], "uv": [98, 70]},
						{"origin": [-43.41291, 3.10253, -6.82248], "size": [1.5, 3, 1.5], "pivot": [-23.02252, 13.26512, -6.51459], "rotation": [-18.4536, 11.31542, 9.17364], "uv": [0, 0]}
					]
				},
				{
					"name": "DownBody2",
					"parent": "AllBody2",
					"pivot": [0, 12, 9]
				},
				{
					"name": "wb",
					"parent": "DownBody2",
					"pivot": [0, 12, 9],
					"cubes": [
						{"origin": [-3, 8.625, 9], "size": [6, 7.5, 13.5], "uv": [29, 30]}
					]
				},
				{
					"name": "Leg",
					"parent": "DownBody2",
					"pivot": [0, 9, 6]
				},
				{
					"name": "LeftLeg2",
					"parent": "Leg",
					"pivot": [3, 9, 6],
					"cubes": [
						{"origin": [1.485, 0, 4.5], "size": [3, 9, 3], "uv": [42, 95]}
					]
				},
				{
					"name": "RightLeg2",
					"parent": "Leg",
					"pivot": [-3, 9, 6],
					"cubes": [
						{"origin": [-4.485, 0, 4.5], "size": [3, 9, 3], "uv": [69, 94]}
					]
				}
			]
		}
	]
}